timestamp,datetime,CH4,CO,NO,NO2,OZ,PM10,PM2.5,SO2
1698796800,01.11.2023 00:00,,0.4,0.006,0.042,0.0046,,,0.0009
1698800400,01.11.2023 01:00,,0.37,0.002,0.039,0.0084,,,0.0013
1698804000,01.11.2023 02:00,,0.3,0.0,0.027,0.0215,,,0.0011
1698807600,01.11.2023 03:00,,0.27,0.0,0.017,0.0292,,,0.0009
1698811200,01.11.2023 04:00,,0.2,0.0,0.014,0.0318,,,0.0009
1698814800,01.11.2023 05:00,,0.2,0.0,0.013,0.0336,,,0.0014
1698818400,01.11.2023 06:00,,0.2,0.0,0.013,0.0342,,,0.0015
1698822000,01.11.2023 07:00,,0.2,0.0,0.016,0.0331,,,0.0017
1698825600,01.11.2023 08:00,,0.2,0.0,0.021,0.0292,,,0.0017
1698829200,01.11.2023 09:00,,0.3,0.002,0.024,0.0296,,,0.0016
1698832800,01.11.2023 10:00,,0.27,0.004,0.022,0.0333,,,0.0017
1698836400,01.11.2023 11:00,,0.2,0.004,0.022,0.035,,,0.002
1698840000,01.11.2023 12:00,,0.2,0.003,0.023,0.0369,,,0.002
1698843600,01.11.2023 13:00,,0.2,0.004,0.02,0.0429,,,0.0022
1698847200,01.11.2023 14:00,,0.2,0.004,0.019,0.0462,,,0.0024
1698850800,01.11.2023 15:00,,0.17,0.003,0.02,0.0496,,,0.0026
1698854400,01.11.2023 16:00,1.4,0.2,0.003,0.036,0.0341,0.0,0.0,0.0022
1698854400,01.11.2023 16:00,,0.2,0.003,0.036,0.0341,,,0.0022
1698858000,01.11.2023 17:00,1.4,0.23,0.005,0.056,0.0152,0.0,0.0,0.0018
1698858000,01.11.2023 17:00,,0.23,0.005,0.056,0.0152,,,0.0018
1698861600,01.11.2023 18:00,1.42,0.23,0.002,0.054,0.0188,0.0,0.0,0.0016
1698861600,01.11.2023 18:00,,0.23,0.002,0.054,0.0188,,,0.0016
1698865200,01.11.2023 19:00,,0.2,0.0,0.043,0.0252,,,0.0016
1698865200,01.11.2023 19:00,1.41,0.2,0.0,0.043,0.0252,0.0,0.0,0.0016
1698868800,01.11.2023 20:00,,0.3,0.001,0.048,0.0171,,,0.0016
1698868800,01.11.2023 20:00,1.45,0.3,0.001,0.048,0.0171,0.0,0.0,0.0016
1698872400,01.11.2023 21:00,1.45,0.3,0.004,0.056,0.0081,0.0,0.0,0.0014
1698872400,01.11.2023 21:00,,0.3,0.004,0.056,0.0081,,,0.0014
1698876000,01.11.2023 22:00,,0.2,0.0,0.043,0.0249,,,0.0016
1698876000,01.11.2023 22:00,1.48,0.2,0.0,0.043,0.0249,0.0,0.0,0.0016
1698879600,01.11.2023 23:00,1.44,0.23,0.0,0.038,0.0273,0.0,0.0,0.0014
1698879600,01.11.2023 23:00,,0.23,0.0,0.038,0.0273,,,0.0014
1698883200,02.11.2023 00:00,,0.2,0.0,0.033,0.0319,,,0.0014
1698883200,02.11.2023 00:00,1.43,0.2,0.0,0.033,0.0319,0.0,0.0,0.0014
1698886800,02.11.2023 01:00,,0.13,0.0,0.026,0.0352,,,0.0016
1698886800,02.11.2023 01:00,1.45,0.13,0.0,0.026,0.0352,0.0,0.0,0.0016
1698890400,02.11.2023 02:00,1.45,0.1,0.0,0.024,0.0324,0.0,0.0,0.0015
1698890400,02.11.2023 02:00,,0.1,0.0,0.024,0.0324,,,0.0015
1698894000,02.11.2023 03:00,1.42,0.23,0.0,0.021,0.0338,0.0,0.0,0.0014
1698894000,02.11.2023 03:00,,0.23,0.0,0.021,0.0338,,,0.0014
1698897600,02.11.2023 04:00,,0.2,0.0,0.02,0.0309,,,0.0012
1698897600,02.11.2023 04:00,1.45,0.2,0.0,0.02,0.0309,0.0,0.0,0.0012
1698901200,02.11.2023 05:00,1.49,0.2,0.0,0.024,0.0186,0.0,0.0,0.0014
1698901200,02.11.2023 05:00,,0.2,0.0,0.024,0.0186,,,0.0014
1698904800,02.11.2023 06:00,,0.23,0.002,0.031,0.0104,,,0.0013
1698904800,02.11.2023 06:00,1.49,0.23,0.002,0.031,0.0104,0.0,0.0,0.0013
1698908400,02.11.2023 07:00,,0.2,0.001,0.026,0.0175,,,0.0012
1698908400,02.11.2023 07:00,1.43,0.2,0.001,0.026,0.0175,0.0,0.0,0.0012
1698912000,02.11.2023 08:00,1.43,0.27,0.001,0.026,0.0131,0.0,0.0,0.0013
1698912000,02.11.2023 08:00,,0.27,0.001,0.026,0.0131,,,0.0013
1698915600,02.11.2023 09:00,1.43,0.3,0.004,0.031,0.0092,0.0,0.0,0.0013
1698915600,02.11.2023 09:00,,0.3,0.004,0.031,0.0092,,,0.0013
1698919200,02.11.2023 10:00,1.43,0.3,0.006,0.033,0.0081,0.0,0.0,0.0014
1698919200,02.11.2023 10:00,,0.3,0.006,0.033,0.0081,,,0.0014
1698922800,02.11.2023 11:00,,0.3,0.007,0.03,0.012,,,0.0013
1698922800,02.11.2023 11:00,1.44,0.3,0.007,0.03,0.012,0.0,0.0,0.0013
1698926400,02.11.2023 12:00,1.43,0.3,0.005,0.026,0.0148,0.002,0.001,0.0012
1698926400,02.11.2023 12:00,,0.3,0.005,0.026,0.0148,,,0.0012
1698930000,02.11.2023 13:00,1.42,0.33,0.01,0.031,0.0093,0.001,0.001,0.0013
1698930000,02.11.2023 13:00,,0.33,0.01,0.031,0.0093,,,0.0013
1698933600,02.11.2023 14:00,1.42,0.3,0.007,0.033,0.0106,0.004,0.003,0.0012
1698933600,02.11.2023 14:00,,0.3,0.007,0.033,0.0106,,,0.0012
1698937200,02.11.2023 15:00,1.42,0.2,0.005,0.023,0.0218,0.003,0.002,0.0012
1698937200,02.11.2023 15:00,,0.2,0.005,0.023,0.0218,,,0.0012
1698940800,02.11.2023 16:00,,0.2,0.004,0.026,0.0179,,,0.0012
1698940800,02.11.2023 16:00,1.41,0.2,0.004,0.026,0.0179,0.003,0.002,0.0012
1698944400,02.11.2023 17:00,,0.2,0.004,0.031,0.0171,,,0.0009
1698944400,02.11.2023 17:00,1.43,0.2,0.004,0.031,0.0171,0.004,0.003,0.0009
1698948000,02.11.2023 18:00,,0.2,0.005,0.03,0.0179,,,0.0012
1698948000,02.11.2023 18:00,1.42,0.2,0.005,0.03,0.0179,0.007,0.004,0.0012
1698951600,02.11.2023 19:00,1.42,0.2,0.003,0.021,0.0268,0.006,0.004,0.0014
1698951600,02.11.2023 19:00,,0.2,0.003,0.021,0.0268,,,0.0014
1698955200,02.11.2023 20:00,1.4,0.2,0.002,0.021,0.0273,0.008,0.004,0.0012
1698955200,02.11.2023 20:00,,0.2,0.002,0.021,0.0273,,,0.0012
1698958800,02.11.2023 21:00,1.4,0.2,0.001,0.018,0.0313,0.007,0.004,0.0011
1698958800,02.11.2023 21:00,,0.2,0.001,0.018,0.0313,,,0.0011
1698962400,02.11.2023 22:00,,0.2,0.001,0.022,0.0255,,,0.0006
1698962400,02.11.2023 22:00,1.4,0.2,0.001,0.022,0.0255,0.012,0.005,0.0006
1698966000,02.11.2023 23:00,1.4,0.17,0.001,0.019,0.0306,0.009,0.004,0.0005
1698966000,02.11.2023 23:00,,0.17,0.001,0.019,0.0306,,,0.0005
1698969600,03.11.2023 00:00,,0.1,0.0,0.013,0.0373,,,0.0002
1698969600,03.11.2023 00:00,1.4,0.1,0.0,0.013,0.0373,0.007,0.004,0.0002
1698973200,03.11.2023 01:00,,0.1,0.0,0.009,0.0429,,,0.0003
1698973200,03.11.2023 01:00,1.39,0.1,0.0,0.009,0.0429,0.006,0.003,0.0003
1698976800,03.11.2023 02:00,,0.1,0.0,0.007,0.0434,,,0.0008
1698976800,03.11.2023 02:00,1.39,0.1,0.0,0.007,0.0434,0.007,0.004,0.0008
1698980400,03.11.2023 03:00,1.4,0.03,0.0,0.008,0.0418,0.007,0.004,0.0006
1698980400,03.11.2023 03:00,,0.03,0.0,0.008,0.0418,,,0.0006
1698984000,03.11.2023 04:00,1.39,0.0,0.0,0.005,0.0459,0.005,0.003,0.001
1698984000,03.11.2023 04:00,,0.0,0.0,0.005,0.0459,,,0.001
1698987600,03.11.2023 05:00,1.4,0.03,0.0,0.007,0.0416,0.006,0.004,0.0011
1698987600,03.11.2023 05:00,,0.03,0.0,0.007,0.0416,,,0.0011
1698991200,03.11.2023 06:00,1.4,0.07,0.0,0.009,0.0383,0.006,0.004,0.0004
1698991200,03.11.2023 06:00,,0.07,0.0,0.009,0.0383,,,0.0004
1698994800,03.11.2023 07:00,,0.1,0.0,0.016,0.0329,,,0.0005
1698994800,03.11.2023 07:00,1.42,0.1,0.0,0.016,0.0329,0.008,0.005,0.0005
1698998400,03.11.2023 08:00,,0.1,0.0,0.019,0.0302,,,0.0004
1698998400,03.11.2023 08:00,1.4,0.1,0.0,0.019,0.0302,0.011,0.006,0.0004
1699002000,03.11.2023 09:00,1.43,0.1,0.002,0.024,0.0222,0.014,0.007,0.0006
1699002000,03.11.2023 09:00,,0.1,0.002,0.024,0.0222,,,0.0006
1699005600,03.11.2023 10:00,,0.17,0.006,0.033,0.0132,,,0.0006
1699005600,03.11.2023 10:00,1.42,0.17,0.006,0.033,0.0132,0.018,0.007,0.0006
1699009200,03.11.2023 11:00,,0.13,0.007,0.032,0.0133,,,0.0007
1699009200,03.11.2023 11:00,1.42,0.13,0.007,0.032,0.0133,0.02,0.008,0.0007
1699012800,03.11.2023 12:00,1.42,0.2,0.009,0.033,0.0151,0.017,0.007,0.0009
1699012800,03.11.2023 12:00,,0.2,0.009,0.033,0.0151,,,0.0009
1699016400,03.11.2023 13:00,1.43,0.23,0.013,0.035,0.0133,0.02,0.007,0.0011
1699016400,03.11.2023 13:00,,0.23,0.013,0.035,0.0133,,,0.0011
1699020000,03.11.2023 14:00,,0.2,0.012,0.033,0.0126,,,0.001
1699020000,03.11.2023 14:00,1.43,0.2,0.012,0.033,0.0126,0.022,0.008,0.001
1699023600,03.11.2023 15:00,1.43,0.27,0.009,0.032,0.0117,0.02,0.008,0.001
1699027200,03.11.2023 16:00,1.43,0.2,0.009,0.037,0.0068,0.025,0.009,0.0008
1699030800,03.11.2023 17:00,1.42,0.2,0.008,0.038,0.0042,0.021,0.007,0.0007
1699034400,03.11.2023 18:00,1.43,0.3,0.019,0.044,0.0014,0.025,0.008,0.0011
1699038000,03.11.2023 19:00,1.42,0.3,0.018,0.044,0.0013,0.029,0.01,0.0009
1699041600,03.11.2023 20:00,1.42,0.27,0.015,0.043,0.0014,0.029,0.01,0.0008
1699045200,03.11.2023 21:00,1.42,0.2,0.009,0.041,0.0017,0.022,0.008,0.0007
1699048800,03.11.2023 22:00,1.42,0.2,0.003,0.038,0.004,0.02,0.008,0.0006
1699052400,03.11.2023 23:00,1.42,0.2,0.001,0.031,0.011,0.016,0.008,0.0008
1699056000,04.11.2023 00:00,1.42,0.17,0.001,0.025,0.0179,0.013,0.006,0.0014
1699059600,04.11.2023 01:00,1.44,0.17,0.0,0.022,0.0169,0.013,0.007,0.0014
1699063200,04.11.2023 02:00,1.44,0.2,0.001,0.025,0.014,0.017,0.01,0.0011
1699066800,04.11.2023 03:00,1.43,0.03,0.0,0.02,0.0206,0.013,0.007,0.001
1699070400,04.11.2023 04:00,1.42,0.0,0.0,0.021,0.0168,0.02,0.008,0.0012
1699074000,04.11.2023 05:00,1.42,0.0,0.0,0.021,0.0198,0.021,0.007,0.0011
1699077600,04.11.2023 06:00,1.42,0.0,0.0,0.019,0.0221,0.015,0.006,0.0007
1699081200,04.11.2023 07:00,1.42,0.0,0.001,0.023,0.0189,0.011,0.005,0.0004
1699084800,04.11.2023 08:00,1.42,0.0,0.0,0.02,0.0245,0.012,0.006,0.0013
1699088400,04.11.2023 09:00,1.43,0.0,0.002,0.02,0.02,0.021,0.01,0.0008
1699092000,04.11.2023 10:00,1.43,0.0,0.003,0.023,0.0206,0.026,0.013,0.0008
1699095600,04.11.2023 11:00,1.43,0.07,0.006,0.026,0.0179,0.02,0.01,0.0009
1699099200,04.11.2023 12:00,1.43,0.07,0.007,0.028,0.0174,0.026,0.012,0.0013
1699102800,04.11.2023 13:00,1.42,0.1,0.008,0.028,0.019,0.025,0.01,0.0011
1699106400,04.11.2023 14:00,1.43,0.1,0.006,0.029,0.0156,0.024,0.009,0.0008
1699110000,04.11.2023 15:00,1.43,0.2,0.003,0.03,0.018,0.023,0.01,0.0008
1699113600,04.11.2023 16:00,1.44,0.2,0.002,0.031,0.0143,0.021,0.009,0.001
1699117200,04.11.2023 17:00,1.45,0.2,0.002,0.031,0.0109,0.016,0.01,0.0015
1699120800,04.11.2023 18:00,1.45,0.2,0.002,0.032,0.007,0.012,0.008,0.0014
1699124400,04.11.2023 19:00,1.44,0.2,0.005,0.036,0.0035,0.01,0.007,0.0014
1699128000,04.11.2023 20:00,1.43,0.2,0.003,0.034,0.0053,0.008,0.005,0.0014
1699131600,04.11.2023 21:00,1.43,0.2,0.001,0.027,0.0089,0.01,0.006,0.0014
1699135200,04.11.2023 22:00,1.43,0.2,0.001,0.024,0.0083,0.013,0.008,0.0014
1699138800,04.11.2023 23:00,1.44,0.2,0.001,0.024,0.0072,0.012,0.009,0.0011
1699142400,05.11.2023 00:00,1.43,0.2,0.001,0.021,0.011,0.012,0.008,0.0013
1699146000,05.11.2023 01:00,1.43,0.2,0.0,0.017,0.0157,0.012,0.008,0.0014
1699149600,05.11.2023 02:00,1.43,0.1,0.0,0.013,0.0201,0.014,0.009,0.0012
1699153200,05.11.2023 03:00,1.42,0.03,0.0,0.01,0.0234,0.013,0.009,0.0012
1699156800,05.11.2023 04:00,1.42,0.0,0.0,0.01,0.0243,0.014,0.009,0.0012
1699160400,05.11.2023 05:00,1.43,0.0,0.0,0.011,0.0223,0.016,0.01,0.0014
1699164000,05.11.2023 06:00,1.44,0.03,0.0,0.014,0.0207,0.016,0.011,0.0007
1699167600,05.11.2023 07:00,1.43,0.07,0.0,0.017,0.0192,0.016,0.011,0.0008
1699171200,05.11.2023 08:00,1.44,0.1,0.0,0.018,0.0218,0.013,0.009,0.001
1699174800,05.11.2023 09:00,1.43,0.1,0.0,0.017,0.0236,0.012,0.009,0.0005
1699178400,05.11.2023 10:00,1.43,0.1,0.001,0.017,0.0247,0.013,0.009,0.0006
1699182000,05.11.2023 11:00,1.43,0.1,0.001,0.018,0.027,0.014,0.009,0.0007
1699185600,05.11.2023 12:00,1.43,0.1,0.003,0.019,0.0287,0.014,0.008,0.0008
1699189200,05.11.2023 13:00,1.43,0.1,0.004,0.018,0.0322,0.026,0.01,0.0009
1699192800,05.11.2023 14:00,1.44,0.1,0.002,0.017,0.0351,0.024,0.013,0.001
1699196400,05.11.2023 15:00,1.43,0.1,0.002,0.017,0.0325,0.023,0.014,0.0008
1699200000,05.11.2023 16:00,1.44,0.1,0.001,0.022,0.0275,0.034,0.015,0.0008
1699203600,05.11.2023 17:00,1.44,0.1,0.001,0.029,0.0184,0.028,0.014,0.0008
1699207200,05.11.2023 18:00,1.44,0.1,0.001,0.033,0.0152,0.035,0.017,0.0009
1699210800,05.11.2023 19:00,1.44,0.1,0.0,0.031,0.0151,0.033,0.016,0.0011
1699214400,05.11.2023 20:00,1.45,0.1,0.001,0.028,0.0175,0.033,0.016,0.0009
1699218000,05.11.2023 21:00,1.44,0.1,0.0,0.025,0.0186,0.035,0.017,0.0011
1699221600,05.11.2023 22:00,1.44,0.1,0.0,0.026,0.0154,0.036,0.017,0.001
1699225200,05.11.2023 23:00,1.44,0.1,0.0,0.025,0.0172,0.032,0.016,0.001
1699228800,06.11.2023 00:00,1.44,0.1,0.0,0.019,0.0196,0.023,0.012,0.0009
1699232400,06.11.2023 01:00,1.43,0.07,0.0,0.016,0.0205,0.014,0.008,0.0008
1699236000,06.11.2023 02:00,1.44,0.1,0.0,0.018,0.0173,0.011,0.008,0.0009
1699239600,06.11.2023 03:00,1.44,0.23,0.0,0.017,0.0178,0.007,0.006,0.0009
1699243200,06.11.2023 04:00,1.45,0.2,0.0,0.015,0.0188,0.01,0.007,0.0008
1699246800,06.11.2023 05:00,1.45,0.23,0.0,0.015,0.0193,0.011,0.008,0.0008
1699250400,06.11.2023 06:00,1.45,0.23,0.0,0.014,0.0201,0.011,0.008,0.0009
1699254000,06.11.2023 07:00,1.45,0.23,0.0,0.009,0.0203,0.001,0.001,0.0009
1699257600,06.11.2023 08:00,1.44,0.23,0.0,0.009,0.0356,0.0,0.0,0.0008
1699261200,06.11.2023 09:00,1.43,0.3,0.0,0.016,0.0325,0.006,0.003,0.0006
1699264800,06.11.2023 10:00,1.41,0.23,0.0,0.016,0.0389,0.004,0.003,0.0005
1699268400,06.11.2023 11:00,1.42,0.3,0.003,0.026,0.0302,0.011,0.007,0.0007
1699272000,06.11.2023 12:00,1.41,0.3,0.001,0.025,0.0301,0.013,0.007,0.0008
1699275600,06.11.2023 13:00,1.41,0.3,0.002,0.029,0.0274,0.011,0.007,0.0005
1699279200,06.11.2023 14:00,1.41,0.3,0.002,0.026,0.0327,0.013,0.008,0.0009
1699282800,06.11.2023 15:00,1.42,0.3,0.003,0.034,0.0249,0.015,0.009,0.0004
1699286400,06.11.2023 16:00,1.42,0.3,0.001,0.032,0.0268,0.014,0.009,0.0008
1699290000,06.11.2023 17:00,1.43,0.3,0.001,0.032,0.0209,0.012,0.008,0.001
1699290000,06.11.2023 17:00,1.43,,0.001,0.032,0.0209,0.012,0.008,0.001
1699293600,06.11.2023 18:00,1.44,,0.0,0.029,0.0217,0.011,0.008,0.0011
1699293600,06.11.2023 18:00,1.44,0.3,0.0,0.029,0.0217,0.011,0.008,0.0011
1699297200,06.11.2023 19:00,1.43,,0.0,0.03,0.02,0.009,0.007,0.0008
1699297200,06.11.2023 19:00,1.43,0.3,0.0,0.03,0.02,0.009,0.007,0.0008
1699300800,06.11.2023 20:00,1.42,0.3,0.0,0.022,0.031,0.0,0.003,0.0003
1699300800,06.11.2023 20:00,1.42,0.3,0.0,0.022,0.031,0.002,0.003,0.0003
1699300800,06.11.2023 20:00,1.42,,0.0,0.022,0.031,0.0,0.003,0.0003
1699304400,06.11.2023 21:00,1.41,,0.0,0.017,0.0312,0.004,0.003,0.0008
1699304400,06.11.2023 21:00,1.41,0.3,0.0,0.017,0.0312,0.004,0.003,0.0008
1699308000,06.11.2023 22:00,1.41,0.3,0.0,0.017,0.0323,0.006,0.004,0.001
1699308000,06.11.2023 22:00,1.41,,0.0,0.017,0.0323,0.006,0.004,0.001
1699311600,06.11.2023 23:00,1.41,,0.001,0.014,0.0329,0.005,0.004,0.0008
1699311600,06.11.2023 23:00,1.41,0.27,0.001,0.014,0.0329,0.005,0.004,0.0008
1699315200,07.11.2023 00:00,1.41,0.2,0.0,0.011,0.0375,0.005,0.004,0.0006
1699315200,07.11.2023 00:00,1.41,,0.0,0.011,0.0375,0.005,0.004,0.0006
1699318800,07.11.2023 01:00,1.41,,0.0,0.011,0.0401,0.005,0.004,0.0007
1699318800,07.11.2023 01:00,1.41,0.2,0.0,0.011,0.0401,0.005,0.004,0.0007
1699322400,07.11.2023 02:00,1.42,,0.0,0.01,0.0376,0.007,0.005,0.0008
1699322400,07.11.2023 02:00,1.42,0.2,0.0,0.01,0.0376,0.007,0.005,0.0008
1699326000,07.11.2023 03:00,1.43,0.1,0.0,0.009,0.0349,0.01,0.006,0.001
1699326000,07.11.2023 03:00,1.43,,0.0,0.009,0.0349,0.01,0.006,0.001
1699329600,07.11.2023 04:00,1.43,,0.0,0.009,0.031,0.009,0.006,0.0009
1699329600,07.11.2023 04:00,1.43,0.1,0.0,0.009,0.031,0.009,0.006,0.0009
1699333200,07.11.2023 05:00,1.42,,0.0,0.009,0.0314,0.009,0.006,0.0007
1699333200,07.11.2023 05:00,1.42,0.1,0.0,0.009,0.0314,0.009,0.006,0.0007
1699336800,07.11.2023 06:00,1.43,0.1,0.001,0.009,0.0307,0.008,0.006,0.0005
1699336800,07.11.2023 06:00,1.43,,0.001,0.009,0.0307,0.008,0.006,0.0005
1699340400,07.11.2023 07:00,1.42,0.1,0.0,0.011,0.0304,0.007,0.005,0.0004
1699340400,07.11.2023 07:00,1.42,,0.0,0.011,0.0304,0.007,0.005,0.0004
1699344000,07.11.2023 08:00,1.42,0.13,0.001,0.017,0.0249,0.009,0.006,0.0004
1699344000,07.11.2023 08:00,1.42,,0.001,0.017,0.0249,0.009,0.006,0.0004
1699347600,07.11.2023 09:00,1.42,,0.003,0.028,0.0163,0.009,0.006,0.0008
1699347600,07.11.2023 09:00,1.42,0.2,0.003,0.028,0.0163,0.009,0.006,0.0008
1699351200,07.11.2023 10:00,1.43,0.2,0.006,0.031,0.0155,0.011,0.006,0.0012
1699351200,07.11.2023 10:00,1.43,,0.006,0.031,0.0155,0.011,0.006,0.0012
1699354800,07.11.2023 11:00,1.42,,0.007,0.028,0.0207,0.01,0.005,0.0009
1699354800,07.11.2023 11:00,1.42,0.2,0.007,0.028,0.0207,0.01,0.005,0.0009
1699358400,07.11.2023 12:00,1.42,0.2,0.009,0.032,0.0149,0.013,0.007,0.0009
1699358400,07.11.2023 12:00,1.42,,0.009,0.032,0.0149,0.013,0.007,0.0009
1699362000,07.11.2023 13:00,1.42,,0.012,0.036,0.0157,0.01,0.006,0.001
1699362000,07.11.2023 13:00,1.42,0.2,0.012,0.036,0.0157,0.01,0.006,0.001
1699365600,07.11.2023 14:00,1.42,,0.005,0.024,0.0284,0.007,0.004,0.0012
1699365600,07.11.2023 14:00,1.42,0.17,0.005,0.024,0.0284,0.007,0.004,0.0012
1699369200,07.11.2023 15:00,1.42,0.4,0.003,0.021,0.0327,0.005,0.004,0.0011
1699369200,07.11.2023 15:00,1.42,,0.003,0.021,0.0327,0.005,0.004,0.0011
1699372800,07.11.2023 16:00,1.41,,0.003,0.025,0.0276,0.009,0.006,0.001
1699372800,07.11.2023 16:00,1.41,0.4,0.003,0.025,0.0276,0.009,0.006,0.001
1699376400,07.11.2023 17:00,1.42,0.4,0.003,0.026,0.0272,0.008,0.005,0.0009
1699376400,07.11.2023 17:00,1.42,,0.003,0.026,0.0272,0.008,0.005,0.0009
1699380000,07.11.2023 18:00,1.41,,0.003,0.031,0.0263,0.009,0.004,0.0007
1699380000,07.11.2023 18:00,1.41,0.4,0.003,0.031,0.0263,0.009,0.004,0.0007
1699383600,07.11.2023 19:00,1.41,0.4,0.003,0.03,0.0251,0.015,0.007,0.001
1699383600,07.11.2023 19:00,1.41,,0.003,0.03,0.0251,0.015,0.007,0.001
1699387200,07.11.2023 20:00,1.41,,0.003,0.033,0.0202,0.017,0.007,0.0008
1699387200,07.11.2023 20:00,1.41,0.4,0.003,0.033,0.0202,0.017,0.007,0.0008
1699390800,07.11.2023 21:00,1.41,0.4,0.002,0.031,0.0222,0.017,0.008,0.0005
1699390800,07.11.2023 21:00,1.41,,0.002,0.031,0.0222,0.017,0.008,0.0005
1699394400,07.11.2023 22:00,1.43,,0.003,0.036,0.0145,0.02,0.009,0.0007
1699394400,07.11.2023 22:00,1.43,0.43,0.003,0.036,0.0145,0.02,0.009,0.0007
1699398000,07.11.2023 23:00,1.42,0.4,0.001,0.026,0.023,0.015,0.008,0.0008
1699398000,07.11.2023 23:00,1.42,,0.001,0.026,0.023,0.015,0.008,0.0008
1699401600,08.11.2023 00:00,1.44,0.37,0.001,0.021,0.0269,0.007,0.005,0.0009
1699401600,08.11.2023 00:00,1.44,,0.001,0.021,0.0269,0.007,0.005,0.0009
1699405200,08.11.2023 01:00,1.5,,0.0,0.02,0.0276,0.005,0.004,0.0008
1699405200,08.11.2023 01:00,1.5,0.3,0.0,0.02,0.0276,0.005,0.004,0.0008
1699408800,08.11.2023 02:00,1.43,0.33,0.0,0.016,0.0301,0.008,0.005,0.001
1699408800,08.11.2023 02:00,1.43,,0.0,0.016,0.0301,0.008,0.005,0.001
1699412400,08.11.2023 03:00,1.43,0.0,0.0,0.015,0.0306,0.008,0.005,0.0012
1699412400,08.11.2023 03:00,1.43,,0.0,0.015,0.0306,0.008,0.005,0.0012
1699416000,08.11.2023 04:00,1.42,0.0,0.0,0.016,0.0302,0.008,0.005,0.0008
1699416000,08.11.2023 04:00,1.42,,0.0,0.016,0.0302,0.008,0.005,0.0008
1699419600,08.11.2023 05:00,1.42,,0.0,0.014,0.0327,0.008,0.005,0.0009
1699419600,08.11.2023 05:00,1.42,0.0,0.0,0.014,0.0327,0.008,0.005,0.0009
1699423200,08.11.2023 06:00,1.42,0.0,0.001,0.016,0.0285,0.011,0.006,0.0007
1699423200,08.11.2023 06:00,1.42,,0.001,0.016,0.0285,0.011,0.006,0.0007
1699426800,08.11.2023 07:00,1.43,,0.001,0.018,0.0249,0.011,0.007,0.0007
1699426800,08.11.2023 07:00,1.43,0.0,0.001,0.018,0.0249,0.011,0.007,0.0007
1699430400,08.11.2023 08:00,1.42,0.0,0.001,0.024,0.0187,0.012,0.007,0.0007
1699430400,08.11.2023 08:00,1.42,,0.001,0.024,0.0187,0.012,0.007,0.0007
1699434000,08.11.2023 09:00,1.42,,0.006,0.036,0.0102,0.013,0.007,0.0006
1699434000,08.11.2023 09:00,1.42,0.03,0.006,0.036,0.0102,0.013,0.007,0.0006
1699437600,08.11.2023 10:00,1.43,,0.01,0.04,0.0096,0.018,0.008,0.0008
1699437600,08.11.2023 10:00,1.43,0.0,0.01,0.04,0.0096,0.018,0.008,0.0008
1699441200,08.11.2023 11:00,1.42,,0.015,0.04,0.0104,0.023,0.01,0.001
1699441200,08.11.2023 11:00,1.42,0.03,0.015,0.04,0.0104,0.023,0.01,0.001
1699444800,08.11.2023 12:00,1.43,0.0,0.008,0.032,0.017,0.024,0.01,0.0008
1699444800,08.11.2023 12:00,1.43,,0.008,0.032,0.017,0.024,0.01,0.0008
1699448400,08.11.2023 13:00,1.43,0.0,0.006,0.027,0.0231,0.019,0.008,0.0007
1699448400,08.11.2023 13:00,1.43,,0.006,0.027,0.0231,0.019,0.008,0.0007
1699452000,08.11.2023 14:00,1.42,,0.008,0.031,0.0203,0.022,0.008,0.0008
1699452000,08.11.2023 14:00,1.42,0.0,0.008,0.031,0.0203,0.022,0.008,0.0008
1699455600,08.11.2023 15:00,1.42,,0.006,0.032,0.0193,0.024,0.008,0.0008
1699455600,08.11.2023 15:00,1.42,0.07,0.006,0.032,0.0193,0.024,0.008,0.0008
1699459200,08.11.2023 16:00,1.42,,0.007,0.035,0.0116,0.025,0.008,0.0006
1699462800,08.11.2023 17:00,1.42,,0.007,0.041,0.0061,0.03,0.01,0.0008
1699466400,08.11.2023 18:00,1.42,,0.005,0.038,0.0056,0.03,0.011,0.0008
1699470000,08.11.2023 19:00,1.42,,0.006,0.039,0.0042,0.024,0.008,0.0012
1699473600,08.11.2023 20:00,1.43,,0.006,0.037,0.0053,0.023,0.008,0.0015
1699477200,08.11.2023 21:00,1.44,,0.005,0.039,0.0039,0.021,0.008,0.0017
1699480800,08.11.2023 22:00,1.5,,0.008,0.041,0.0029,0.026,0.01,0.0017
1699484400,08.11.2023 23:00,1.49,,0.01,0.043,0.0019,0.026,0.009,0.0015
1699488000,09.11.2023 00:00,1.46,,0.013,0.045,0.0019,0.026,0.009,0.0016
1699491600,09.11.2023 01:00,1.48,,0.013,0.043,0.0016,0.024,0.009,0.0015
1699495200,09.11.2023 02:00,1.54,,0.018,0.039,0.0016,0.023,0.009,0.0013
1699498800,09.11.2023 03:00,1.55,,0.012,0.035,0.0015,0.021,0.01,0.0013
1699502400,09.11.2023 04:00,1.55,,0.013,0.037,0.0017,0.022,0.011,0.0013
1699506000,09.11.2023 05:00,1.54,,0.025,0.039,0.0014,0.019,0.009,0.0015
1699509600,09.11.2023 06:00,1.57,,0.03,0.039,0.0016,0.023,0.011,0.0015
1699513200,09.11.2023 07:00,1.53,,0.038,0.038,0.0016,0.024,0.012,0.002
1699516800,09.11.2023 08:00,1.49,,0.041,0.039,0.0017,0.028,0.011,0.0019
1699520400,09.11.2023 09:00,1.49,,0.049,0.041,0.0018,0.038,0.012,0.0022
1699524000,09.11.2023 10:00,1.48,,0.071,0.044,0.0021,0.045,0.012,0.0027
1699527600,09.11.2023 11:00,1.5,,0.107,0.05,0.0025,0.068,0.016,0.0034
1699531200,09.11.2023 12:00,1.52,,0.112,0.051,0.0024,0.082,0.02,0.0037
1699534800,09.11.2023 13:00,1.47,,0.047,0.045,0.0043,0.058,0.017,0.0024
1699538400,09.11.2023 14:00,1.46,,0.036,0.045,0.004,0.037,0.011,0.0022
1699542000,09.11.2023 15:00,1.45,,0.016,0.043,0.0051,0.035,0.01,0.0017
1699545600,09.11.2023 16:00,1.48,,0.014,0.042,0.0035,0.031,0.009,0.0017
1699549200,09.11.2023 17:00,1.49,,0.016,0.046,0.0027,0.033,0.009,0.0016
1699552800,09.11.2023 18:00,1.44,,0.006,0.042,0.0099,0.024,0.006,0.0008
1699556400,09.11.2023 19:00,1.43,,0.007,0.044,0.0052,0.023,0.008,0.0008
1699560000,09.11.2023 20:00,1.42,,0.005,0.035,0.0129,0.018,0.006,0.0006
1699563600,09.11.2023 21:00,1.42,,0.002,0.029,0.0189,0.016,0.005,0.0002
1699567200,09.11.2023 22:00,1.43,,0.001,0.025,0.0214,0.015,0.006,0.0002
1699570800,09.11.2023 23:00,1.42,,0.002,0.031,0.0127,0.016,0.005,0.0001
1699574400,10.11.2023 00:00,1.43,,0.003,0.038,0.0069,0.016,0.006,0.0005
1699578000,10.11.2023 01:00,1.43,,0.002,0.035,0.0107,0.017,0.007,0.0006
1699581600,10.11.2023 02:00,1.44,,0.004,0.032,0.0079,0.017,0.008,0.0003
1699585200,10.11.2023 03:00,1.51,,0.011,0.034,0.0019,0.025,0.011,0.0004
1699588800,10.11.2023 04:00,1.5,,0.004,0.03,0.0047,0.022,0.01,0.0004
1699592400,10.11.2023 05:00,1.45,,0.002,0.024,0.0071,0.016,0.009,0.0001
1699596000,10.11.2023 06:00,1.43,,0.001,0.021,0.0111,0.014,0.008,0.0001
1699599600,10.11.2023 07:00,1.43,,0.001,0.021,0.015,0.011,0.006,0.0006
1699603200,10.11.2023 08:00,1.43,,0.001,0.019,0.0248,0.011,0.006,0.0006
1699606800,10.11.2023 09:00,1.41,,0.003,0.024,0.0235,0.015,0.005,0.0003
1699610400,10.11.2023 10:00,1.41,,0.004,0.024,0.0257,0.018,0.006,0.0004
1699614000,10.11.2023 11:00,1.42,,0.007,0.028,0.0204,0.023,0.007,0.0008
1699617600,10.11.2023 12:00,1.43,,0.011,0.037,0.0144,0.031,0.01,0.0011
1699621200,10.11.2023 13:00,1.42,,0.009,0.033,0.0143,0.028,0.01,0.0008
1699624800,10.11.2023 14:00,1.43,,0.009,0.032,0.0124,0.027,0.01,0.0006
1699628400,10.11.2023 15:00,1.43,,0.008,0.03,0.013,0.027,0.009,0.0007
1699632000,10.11.2023 16:00,1.42,,0.006,0.029,0.0116,0.027,0.009,0.0008
1699635600,10.11.2023 17:00,1.44,,0.005,0.032,0.0079,0.027,0.009,0.0008
1699639200,10.11.2023 18:00,1.44,,0.004,0.031,0.0066,0.024,0.008,0.0008
1699642800,10.11.2023 19:00,1.45,,0.01,0.036,0.0026,0.028,0.01,0.0009
1699646400,10.11.2023 20:00,1.43,,0.01,0.036,0.0034,0.026,0.01,0.0005
1699650000,10.11.2023 21:00,1.43,,0.004,0.033,0.0083,0.02,0.008,0.0006
1699653600,10.11.2023 22:00,1.44,,0.002,0.032,0.0103,0.02,0.008,0.0005
1699657200,10.11.2023 23:00,1.44,,0.002,0.032,0.012,0.021,0.009,0.0002
1699660800,11.11.2023 00:00,1.44,,0.001,0.028,0.0175,0.02,0.009,0.0006
1699664400,11.11.2023 01:00,1.43,,0.0,0.024,0.022,0.016,0.009,0.0008
1699668000,11.11.2023 02:00,1.44,,0.0,0.021,0.0255,0.013,0.008,0.0008
1699671600,11.11.2023 03:00,1.43,,0.0,0.017,0.0301,0.014,0.008,0.0008
1699675200,11.11.2023 04:00,1.44,,0.0,0.013,0.0334,0.011,0.008,0.0007
1699678800,11.11.2023 05:00,1.47,,0.0,0.012,0.0326,0.013,0.007,0.0009
1699682400,11.11.2023 06:00,1.46,,0.0,0.013,0.0301,0.013,0.008,0.0008
1699686000,11.11.2023 07:00,1.46,,0.0,0.014,0.0288,0.013,0.008,0.0006
1699689600,11.11.2023 08:00,1.44,,0.0,0.017,0.026,0.015,0.009,0.0006
1699693200,11.11.2023 09:00,1.45,,0.0,0.02,0.0257,0.018,0.01,0.001
1699696800,11.11.2023 10:00,1.43,,0.003,0.027,0.0204,0.023,0.011,0.0012
1699700400,11.11.2023 11:00,1.42,,0.006,0.029,0.0194,0.026,0.011,0.0011
1699704000,11.11.2023 12:00,1.43,,0.006,0.028,0.0226,0.028,0.012,0.0012
1699707600,11.11.2023 13:00,1.44,,0.004,0.025,0.0249,0.026,0.011,0.0009
1699711200,11.11.2023 14:00,1.44,,0.004,0.025,0.0281,0.026,0.011,0.0011
1699714800,11.11.2023 15:00,1.43,,0.003,0.027,0.0289,0.026,0.011,0.0011
1699718400,11.11.2023 16:00,1.43,,0.003,0.032,0.0262,0.03,0.013,0.001
1699722000,11.11.2023 17:00,1.43,,0.002,0.041,0.0161,0.031,0.012,0.0013
1699725600,11.11.2023 18:00,1.42,,0.001,0.042,0.0158,0.029,0.011,0.0007
1699729200,11.11.2023 19:00,1.43,,0.001,0.036,0.0198,0.028,0.013,0.0008
1699732800,11.11.2023 20:00,1.42,,0.0,0.021,0.0336,0.02,0.01,0.0006
1699736400,11.11.2023 21:00,1.42,,0.0,0.018,0.0377,0.016,0.008,0.0005
1699740000,11.11.2023 22:00,1.43,,0.0,0.023,0.0314,0.016,0.009,0.0007
1699743600,11.11.2023 23:00,1.43,,0.0,0.02,0.0372,0.017,0.01,0.0009
1699747200,12.11.2023 00:00,1.43,,0.0,0.017,0.039,0.015,0.009,0.0007
1699750800,12.11.2023 01:00,1.43,,0.0,0.018,0.0368,0.021,0.012,0.001
1699754400,12.11.2023 02:00,1.42,,0.0,0.013,0.0431,0.015,0.009,0.001
1699758000,12.11.2023 03:00,1.41,,0.0,0.011,0.045,0.011,0.006,0.0007
1699761600,12.11.2023 04:00,1.42,,0.0,0.013,0.04,0.011,0.006,0.0006
1699765200,12.11.2023 05:00,1.44,,0.0,0.013,0.0356,0.013,0.007,0.0009
1699768800,12.11.2023 06:00,1.48,,0.0,0.025,0.0218,0.009,0.006,0.001
1699772400,12.11.2023 07:00,1.45,,0.0,0.022,0.0265,0.009,0.007,0.0016
1699776000,12.11.2023 08:00,1.46,,0.0,0.027,0.0215,0.008,0.006,0.0019
1699779600,12.11.2023 09:00,1.45,,0.001,0.029,0.0195,0.01,0.007,0.0019
1699783200,12.11.2023 10:00,1.46,,0.002,0.029,0.0196,0.01,0.006,0.0016
1699786800,12.11.2023 11:00,1.45,,0.002,0.028,0.0207,0.01,0.006,0.0016
1699790400,12.11.2023 12:00,1.44,,0.002,0.028,0.0193,0.008,0.005,0.0015
1699794000,12.11.2023 13:00,1.45,,0.002,0.029,0.0182,0.007,0.005,0.0018
1699797600,12.11.2023 14:00,1.45,,0.003,0.032,0.0137,0.007,0.005,0.002
1699801200,12.11.2023 15:00,1.46,,0.004,0.036,0.0129,0.009,0.006,0.0015
1699804800,12.11.2023 16:00,1.47,,0.002,0.033,0.0142,0.008,0.006,0.0013
1699808400,12.11.2023 17:00,1.47,,0.002,0.034,0.0116,0.009,0.006,0.0014
1699812000,12.11.2023 18:00,1.48,,0.004,0.041,0.0081,0.012,0.008,0.0013
1699815600,12.11.2023 19:00,1.48,,0.0,0.028,0.0175,0.011,0.007,0.0008
1699819200,12.11.2023 20:00,1.48,,0.0,0.025,0.021,0.012,0.008,0.001
1699822800,12.11.2023 21:00,1.47,,0.0,0.024,0.0233,0.014,0.01,0.001
1699826400,12.11.2023 22:00,1.48,,0.0,0.024,0.024,0.015,0.009,0.0013
1699830000,12.11.2023 23:00,1.45,,0.0,0.019,0.0325,0.009,0.008,0.0011
1699833600,13.11.2023 00:00,1.43,,0.0,0.019,0.0408,0.004,0.003,0.0008
1699837200,13.11.2023 01:00,1.43,,0.0,0.018,0.0394,0.005,0.002,0.0006
1699840800,13.11.2023 02:00,1.43,,0.0,0.016,0.0387,0.004,0.003,0.0006
1699844400,13.11.2023 03:00,1.45,,0.0,0.012,0.0333,0.0,0.0,0.0008
1699844400,13.11.2023 03:00,1.45,,0.0,0.012,0.0333,0.001,0.001,0.0008
1699848000,13.11.2023 04:00,1.45,,0.0,0.008,0.0268,0.0,0.001,0.0009
1699848000,13.11.2023 04:00,1.45,,0.0,0.008,0.0268,0.0,0.0,0.0009
1699851600,13.11.2023 05:00,1.45,,0.0,0.008,0.0238,0.0,0.001,0.0008
1699851600,13.11.2023 05:00,1.45,,0.0,0.008,0.0238,0.001,0.001,0.0008
1699855200,13.11.2023 06:00,1.45,,0.0,0.009,0.0206,0.002,0.002,0.0006
1699858800,13.11.2023 07:00,1.44,,0.0,0.011,0.0165,0.002,0.002,0.0005
1699862400,13.11.2023 08:00,1.45,,0.002,0.018,0.0081,0.004,0.003,0.0003
1699866000,13.11.2023 09:00,1.45,,0.005,0.02,0.0057,0.006,0.005,0.0008
1699869600,13.11.2023 10:00,1.43,,0.006,0.019,0.0113,0.003,0.004,0.0004
1699873200,13.11.2023 11:00,1.43,,0.005,0.019,0.0132,0.005,0.004,0.0006
1699876800,13.11.2023 12:00,1.43,,0.007,0.02,0.0147,0.005,0.004,0.0005
1699880400,13.11.2023 13:00,1.43,,0.006,0.015,0.0177,0.005,0.004,0.0006
1699884000,13.11.2023 14:00,1.43,,0.006,0.017,0.0178,0.005,0.004,0.0005
1699887600,13.11.2023 15:00,1.43,,0.005,0.017,0.0217,0.005,0.004,0.0005
1699891200,13.11.2023 16:00,1.43,,0.004,0.019,0.0194,0.009,0.006,0.0004
1699894800,13.11.2023 17:00,1.43,,0.003,0.019,0.0225,0.006,0.004,0.0001
1699898400,13.11.2023 18:00,1.44,,0.004,0.026,0.0132,0.011,0.006,0.0001
1699902000,13.11.2023 19:00,1.43,,0.003,0.028,0.0163,0.013,0.008,0.0004
1699905600,13.11.2023 20:00,1.42,,0.001,0.021,0.0249,0.009,0.005,0.0002
1699909200,13.11.2023 21:00,1.42,,0.001,0.019,0.0269,0.01,0.006,0.0003
1699912800,13.11.2023 22:00,1.42,,0.001,0.016,0.0291,0.008,0.006,0.0002
1699916400,13.11.2023 23:00,1.43,,0.001,0.024,0.0247,0.007,0.005,0.0006
1699920000,14.11.2023 00:00,1.42,,0.0,0.016,0.031,0.006,0.004,0.0002
1699923600,14.11.2023 01:00,1.42,,0.0,0.011,0.035,0.004,0.003,0.0007
1699927200,14.11.2023 02:00,1.41,,0.0,0.01,0.034,0.004,0.003,0.0005
1699930800,14.11.2023 03:00,1.43,,0.0,0.015,0.0278,0.001,0.002,0.0004
1699934400,14.11.2023 04:00,1.43,,0.0,0.01,0.0312,0.002,0.002,0.0003
1699938000,14.11.2023 05:00,1.42,,0.0,0.009,0.0356,0.003,0.003,0.0004
1699941600,14.11.2023 06:00,1.41,,0.0,0.01,0.038,0.004,0.003,0.0004
1699945200,14.11.2023 07:00,1.42,,0.0,0.013,0.0322,0.005,0.004,0.0006
1699948800,14.11.2023 08:00,1.42,,0.001,0.023,0.0226,0.004,0.003,0.0003
1699952400,14.11.2023 09:00,1.42,,0.003,0.026,0.0224,0.005,0.004,0.0005
1699956000,14.11.2023 10:00,1.42,,0.004,0.026,0.0223,0.007,0.004,0.0005
1699959600,14.11.2023 11:00,1.41,,0.008,0.036,0.0188,0.008,0.005,0.0006
1699963200,14.11.2023 12:00,1.42,,0.009,0.032,0.0148,0.01,0.006,0.0004
1699966800,14.11.2023 13:00,1.42,,0.007,0.028,0.0158,0.008,0.005,0.0004
1699970400,14.11.2023 14:00,1.42,,0.004,0.023,0.0195,0.006,0.004,0.0002
1699974000,14.11.2023 15:00,1.43,,0.005,0.028,0.016,0.005,0.004,0.0006
1699977600,14.11.2023 16:00,1.42,,0.004,0.026,0.0175,0.001,0.001,0.0005
1699977600,14.11.2023 16:00,1.42,,0.004,0.026,0.0175,0.0,0.001,0.0005
1699981200,14.11.2023 17:00,1.43,,0.005,0.035,0.0129,0.013,0.0,0.0008
1699981200,14.11.2023 17:00,1.43,,0.005,0.035,0.0129,0.0,0.0,0.0008
1699984800,14.11.2023 18:00,1.42,,0.003,0.034,0.0147,0.0,0.001,0.0005
1699984800,14.11.2023 18:00,1.42,,0.003,0.034,0.0147,0.104,0.001,0.0005
1699988400,14.11.2023 19:00,1.42,,0.004,0.034,0.0172,0.0,0.002,0.0006
1699988400,14.11.2023 19:00,1.42,,0.004,0.034,0.0172,0.053,0.002,0.0006
1699992000,14.11.2023 20:00,1.41,,0.003,0.032,0.0181,0.0,0.003,0.0004
1699992000,14.11.2023 20:00,1.41,,0.003,0.032,0.0181,0.045,0.003,0.0004
1699995600,14.11.2023 21:00,1.42,,0.003,0.033,0.0168,0.067,0.003,0.0006
1699995600,14.11.2023 21:00,1.42,,0.003,0.033,0.0168,0.0,0.003,0.0006
1699999200,14.11.2023 22:00,1.42,,0.002,0.027,0.022,0.027,0.003,0.0004
1699999200,14.11.2023 22:00,1.42,,0.002,0.027,0.022,0.0,0.003,0.0004
1700002800,14.11.2023 23:00,1.43,,0.001,0.023,0.0258,0.146,0.003,0.0007
1700002800,14.11.2023 23:00,1.43,,0.001,0.023,0.0258,0.0,0.003,0.0007
1700006400,15.11.2023 00:00,1.43,,0.001,0.024,0.0243,0.018,0.003,0.0007
1700006400,15.11.2023 00:00,1.43,,0.001,0.024,0.0243,0.0,0.003,0.0007
1700010000,15.11.2023 01:00,1.43,,0.0,0.018,0.0306,0.063,0.004,0.0004
1700010000,15.11.2023 01:00,1.43,,0.0,0.018,0.0306,0.0,0.004,0.0004
1700013600,15.11.2023 02:00,1.42,,0.0,0.018,0.0283,0.003,0.004,0.0004
1700013600,15.11.2023 02:00,1.42,,0.0,0.018,0.0283,0.0,0.004,0.0004
1700017200,15.11.2023 03:00,1.43,,0.0,0.017,0.0272,0.0,0.005,0.0006
1700017200,15.11.2023 03:00,1.43,,0.0,0.017,0.0272,0.004,0.005,0.0006
1700020800,15.11.2023 04:00,1.43,,0.0,0.016,0.0274,0.0,0.005,0.0004
1700020800,15.11.2023 04:00,1.43,,0.0,0.016,0.0274,0.007,0.005,0.0004
1700024400,15.11.2023 05:00,1.43,,0.0,0.014,0.0286,0.0,0.004,0.0006
1700024400,15.11.2023 05:00,1.43,,0.0,0.014,0.0286,0.028,0.004,0.0006
1700028000,15.11.2023 06:00,1.43,,0.0,0.018,0.0214,0.0,0.004,0.0008
1700028000,15.11.2023 06:00,1.43,,0.0,0.018,0.0214,0.055,0.004,0.0008
1700031600,15.11.2023 07:00,1.44,,0.0,0.023,0.0193,0.0,0.006,0.0003
1700031600,15.11.2023 07:00,1.44,,0.0,0.023,0.0193,0.006,0.006,0.0003
1700035200,15.11.2023 08:00,1.44,,0.002,0.031,0.0123,0.009,0.004,0.0004
1700035200,15.11.2023 08:00,1.44,,0.002,0.031,0.0123,0.0,0.004,0.0004
1700038800,15.11.2023 09:00,1.44,,0.006,0.034,0.0135,0.0,0.006,0.0006
1700038800,15.11.2023 09:00,1.44,,0.006,0.034,0.0135,0.043,0.006,0.0006
1700042400,15.11.2023 10:00,1.43,,0.007,0.034,0.0164,0.0,0.006,0.0004
1700046000,15.11.2023 11:00,1.43,,0.019,0.039,0.013,0.0,0.008,0.0009
1700046000,15.11.2023 11:00,1.43,,0.019,0.039,0.013,0.033,0.008,0.0009
1700049600,15.11.2023 12:00,1.45,,0.024,0.044,0.0121,0.0,0.011,0.0014
1700049600,15.11.2023 12:00,1.45,,0.024,0.044,0.0121,0.001,0.011,0.0014
1700053200,15.11.2023 13:00,1.45,,0.029,0.047,0.0118,0.014,0.009,0.0017
1700056800,15.11.2023 14:00,1.44,,0.021,0.048,0.0099,0.032,0.01,0.0014
1700060400,15.11.2023 15:00,1.43,,0.009,0.04,0.014,0.025,0.006,0.0008
1700064000,15.11.2023 16:00,1.43,,0.01,0.047,0.0086,0.031,0.008,0.0009
1700067600,15.11.2023 17:00,1.43,,0.007,0.049,0.0066,0.03,0.008,0.0008
1700071200,15.11.2023 18:00,1.43,,0.008,0.051,0.0051,0.029,0.008,0.0009
1700074800,15.11.2023 19:00,1.43,,0.016,0.056,0.0024,0.034,0.009,0.001
1700078400,15.11.2023 20:00,1.44,,0.026,0.058,0.0019,0.04,0.01,0.0012
1700082000,15.11.2023 21:00,1.44,,0.023,0.055,0.0018,0.039,0.011,0.0012
1700085600,15.11.2023 22:00,1.44,,0.015,0.053,0.0019,0.038,0.012,0.0012
1700089200,15.11.2023 23:00,1.45,,0.012,0.05,0.0021,0.034,0.012,0.001
1700092800,16.11.2023 00:00,1.46,,0.016,0.047,0.002,0.033,0.014,0.0016
1700096400,16.11.2023 01:00,1.47,,0.02,0.045,0.002,0.034,0.017,0.0015
1700100000,16.11.2023 02:00,1.47,,0.017,0.041,0.0016,0.031,0.014,0.0013
1700103600,16.11.2023 03:00,1.48,,0.013,0.038,0.0015,0.027,0.012,0.0011
1700107200,16.11.2023 04:00,1.47,,0.011,0.035,0.0016,0.024,0.01,0.0009
1700110800,16.11.2023 05:00,1.49,,0.021,0.032,0.0014,0.017,0.008,0.0009
1700114400,16.11.2023 06:00,1.48,,0.016,0.027,0.0014,0.011,0.007,0.0009
1700118000,16.11.2023 07:00,1.49,,0.015,0.027,0.0012,0.01,0.005,0.0009
1700121600,16.11.2023 08:00,1.45,,0.017,0.024,0.0013,0.006,0.004,0.001
1700125200,16.11.2023 09:00,1.45,,0.03,0.024,0.0019,0.007,0.004,0.0014
1700128800,16.11.2023 10:00,1.45,,0.042,0.025,0.0017,0.008,0.004,0.0017
1700132400,16.11.2023 11:00,1.45,,0.045,0.025,0.0018,0.011,0.007,0.0017
1700136000,16.11.2023 12:00,1.47,,0.059,0.029,0.0017,0.017,0.009,0.002
1700139600,16.11.2023 13:00,1.48,,0.055,0.029,0.0019,0.017,0.009,0.0021
1700143200,16.11.2023 14:00,1.46,,0.038,0.029,0.0022,0.015,0.007,0.0014
1700146800,16.11.2023 15:00,1.46,,0.034,0.032,0.0022,0.016,0.007,0.0021
1700150400,16.11.2023 16:00,1.45,,0.034,0.032,0.0017,0.018,0.007,0.0017
1700154000,16.11.2023 17:00,1.44,,0.027,0.028,0.0016,0.017,0.007,0.0015
1700157600,16.11.2023 18:00,1.45,,0.022,0.028,0.0018,0.017,0.007,0.0011
1700161200,16.11.2023 19:00,1.44,,0.011,0.024,0.0025,0.013,0.005,0.001
1700164800,16.11.2023 20:00,1.44,,0.011,0.026,0.0025,0.014,0.005,0.0011
1700168400,16.11.2023 21:00,1.44,,0.006,0.026,0.004,0.018,0.005,0.001
1700172000,16.11.2023 22:00,1.44,,0.004,0.028,0.0046,0.017,0.005,0.0011
1700175600,16.11.2023 23:00,1.42,,0.001,0.02,0.0206,0.012,0.005,0.0012
1700179200,17.11.2023 00:00,1.41,,0.0,0.021,0.0256,0.006,0.004,0.0012
1700182800,17.11.2023 01:00,1.41,,0.0,0.016,0.031,0.006,0.002,0.0008
1700186400,17.11.2023 02:00,1.42,,0.0,0.017,0.0288,0.005,0.003,0.0011
1700190000,17.11.2023 03:00,0.0,,0.0,0.0,0.0,0.005,0.004,0.0011
1700190000,17.11.2023 03:00,1.43,,0.0,0.014,0.0345,0.005,0.004,0.0011
1700193600,17.11.2023 04:00,1.42,,0.0,0.011,0.0379,0.005,0.005,0.0009
1700197200,17.11.2023 05:00,1.42,,0.0,0.011,0.0409,0.005,0.003,0.0009
1700200800,17.11.2023 06:00,1.41,,0.0,0.012,0.0464,0.006,0.004,0.0012
1700204400,17.11.2023 07:00,1.42,,0.0,0.014,0.0496,0.007,0.004,0.0009
1700208000,17.11.2023 08:00,1.42,,0.0,0.02,0.043,0.008,0.004,0.0009
1700211600,17.11.2023 09:00,1.43,,0.002,0.031,0.0366,0.011,0.006,0.0013
1700215200,17.11.2023 10:00,1.44,,0.006,0.038,0.0318,0.014,0.006,0.001
1700218800,17.11.2023 11:00,1.43,,0.005,0.029,0.0367,0.013,0.006,0.0012
1700222400,17.11.2023 12:00,1.42,,0.003,0.027,0.0399,0.011,0.006,0.0011
1700226000,17.11.2023 13:00,1.42,,0.005,0.039,0.0292,0.015,0.005,0.0012
1700229600,17.11.2023 14:00,1.43,,0.004,0.037,0.0324,0.016,0.006,0.0012
1700233200,17.11.2023 15:00,1.41,,0.004,0.038,0.028,0.016,0.007,0.001
1700236800,17.11.2023 16:00,1.41,,0.003,0.033,0.0329,0.015,0.007,0.0013
1700240400,17.11.2023 17:00,1.42,,0.002,0.036,0.0282,0.017,0.007,0.0013
1700244000,17.11.2023 18:00,1.41,,0.001,0.03,0.0345,0.013,0.006,0.0013
1700247600,17.11.2023 19:00,1.42,,0.001,0.033,0.0293,0.014,0.006,0.0012
1700251200,17.11.2023 20:00,1.41,,0.001,0.031,0.032,0.015,0.006,0.0013
1700254800,17.11.2023 21:00,1.42,,0.0,0.032,0.0288,0.013,0.006,0.0012
1700258400,17.11.2023 22:00,1.43,,0.0,0.036,0.0252,0.014,0.006,0.0013
1700262000,17.11.2023 23:00,1.42,,0.0,0.037,0.0285,0.013,0.005,0.0012
1700265600,18.11.2023 00:00,1.42,,0.0,0.033,0.0319,0.01,0.005,0.0011
1700269200,18.11.2023 01:00,1.4,,0.0,0.023,0.0416,0.01,0.005,0.0011
1700272800,18.11.2023 02:00,1.41,,0.0,0.02,0.0394,0.009,0.003,0.0013
1700276400,18.11.2023 03:00,1.41,,0.0,0.016,0.0423,0.01,0.005,0.0011
1700280000,18.11.2023 04:00,1.42,,0.0,0.034,0.0232,0.01,0.006,0.0013
1700283600,18.11.2023 05:00,1.46,,0.006,0.051,0.0047,0.017,0.007,0.0015
1700287200,18.11.2023 06:00,1.46,,0.009,0.055,0.0043,0.02,0.009,0.0018
1700290800,18.11.2023 07:00,1.44,,0.0,0.046,0.0095,0.014,0.008,0.0014
1700294400,18.11.2023 08:00,1.44,,0.001,0.048,0.0062,0.014,0.007,0.0014
1700298000,18.11.2023 09:00,1.46,,0.01,0.05,0.0053,0.016,0.009,0.0018
1700301600,18.11.2023 10:00,1.47,,0.022,0.053,0.0075,0.016,0.009,0.0021
1700305200,18.11.2023 11:00,1.48,,0.027,0.054,0.0108,0.021,0.011,0.0021
1700308800,18.11.2023 12:00,1.45,,0.024,0.053,0.0166,0.023,0.008,0.0023
1700312400,18.11.2023 13:00,1.44,,0.021,0.053,0.0191,0.025,0.01,0.0024
1700316000,18.11.2023 14:00,1.44,,0.027,0.06,0.0146,0.027,0.009,0.003
1700319600,18.11.2023 15:00,1.46,,0.031,0.068,0.0088,0.028,0.009,0.0028
1700323200,18.11.2023 16:00,1.45,,0.034,0.073,0.0043,0.032,0.01,0.0026
1700326800,18.11.2023 17:00,1.45,,0.038,0.073,0.0017,0.031,0.011,0.0025
1700330400,18.11.2023 18:00,1.46,,0.059,0.079,0.0022,0.044,0.014,0.0029
1700334000,18.11.2023 19:00,1.48,,0.085,0.083,0.0025,0.063,0.019,0.0037
1700337600,18.11.2023 20:00,1.49,,0.092,0.077,0.0024,0.062,0.019,0.0036
1700341200,18.11.2023 21:00,1.49,,0.092,0.078,0.0024,0.06,0.02,0.0037
1700344800,18.11.2023 22:00,1.49,,0.086,0.076,0.0024,0.054,0.019,0.004
1700348400,18.11.2023 23:00,1.49,,0.093,0.072,0.0022,0.056,0.019,0.0037
1700352000,19.11.2023 00:00,1.58,,0.11,0.085,0.0029,0.055,0.023,0.0043
1700355600,19.11.2023 01:00,1.54,,0.102,0.085,0.0029,0.05,0.024,0.0041
1700359200,19.11.2023 02:00,1.47,,0.024,0.063,0.0038,0.028,0.015,0.0023
1700362800,19.11.2023 03:00,1.48,,0.004,0.054,0.0041,0.02,0.01,0.002
1700366400,19.11.2023 04:00,1.54,,0.014,0.055,0.0017,0.02,0.01,0.0021
1700370000,19.11.2023 05:00,1.54,,0.025,0.053,0.0019,0.022,0.011,0.0023
1700373600,19.11.2023 06:00,1.51,,0.032,0.056,0.0022,0.024,0.014,0.0025
1700377200,19.11.2023 07:00,1.51,,0.029,0.055,0.0019,0.023,0.013,0.0023
1700380800,19.11.2023 08:00,1.48,,0.016,0.051,0.0021,0.02,0.011,0.0022
1700384400,19.11.2023 09:00,1.46,,0.016,0.063,0.0026,0.021,0.012,0.0022
1700388000,19.11.2023 10:00,1.49,,0.04,0.071,0.0025,0.022,0.011,0.0028
1700391600,19.11.2023 11:00,1.5,,0.057,0.07,0.0029,0.027,0.016,0.0036
1700395200,19.11.2023 12:00,1.49,,0.053,0.067,0.004,0.029,0.016,0.0036
1700398800,19.11.2023 13:00,1.5,,0.03,0.058,0.0054,0.024,0.014,0.0031
1700402400,19.11.2023 14:00,1.47,,0.024,0.059,0.0059,0.022,0.014,0.0029
1700406000,19.11.2023 15:00,1.47,,0.018,0.058,0.006,0.021,0.013,0.0029
1700409600,19.11.2023 16:00,1.47,,0.021,0.061,0.0043,0.02,0.012,0.0028
1700413200,19.11.2023 17:00,1.48,,0.019,0.062,0.0021,0.022,0.012,0.0026
1700416800,19.11.2023 18:00,1.48,,0.016,0.059,0.002,0.025,0.014,0.0022
1700420400,19.11.2023 19:00,1.46,,0.006,0.055,0.0026,0.023,0.012,0.0018
1700424000,19.11.2023 20:00,1.45,,0.007,0.053,0.0024,0.029,0.015,0.0018
1700427600,19.11.2023 21:00,1.45,,0.003,0.05,0.0032,0.028,0.014,0.0016
1700431200,19.11.2023 22:00,1.45,,0.004,0.051,0.0023,0.026,0.014,0.0016
1700434800,19.11.2023 23:00,1.46,,0.007,0.052,0.0022,0.026,0.015,0.0014
1700438400,20.11.2023 00:00,1.46,,0.003,0.048,0.0049,0.027,0.017,0.0015
1700442000,20.11.2023 01:00,1.48,,0.0,0.04,0.0095,0.021,0.014,0.0015
1700445600,20.11.2023 02:00,1.49,,0.002,0.038,0.0108,0.019,0.012,0.0018
1700449200,20.11.2023 03:00,1.49,,0.006,0.046,0.0039,0.024,0.013,0.0021
1700452800,20.11.2023 04:00,1.49,,0.001,0.04,0.0086,0.024,0.013,0.0015
1700456400,20.11.2023 05:00,1.49,,0.0,0.038,0.0083,0.028,0.017,0.002
1700460000,20.11.2023 06:00,1.56,,0.0,0.031,0.012,0.023,0.016,0.0022
1700463600,20.11.2023 07:00,1.5,,0.003,0.041,0.0041,0.024,0.015,0.002
1700467200,20.11.2023 08:00,1.5,,0.007,0.044,0.0022,0.021,0.012,0.0021
1700470800,20.11.2023 09:00,1.47,,0.016,0.048,0.0025,0.022,0.013,0.0026
1700474400,20.11.2023 10:00,1.47,,0.017,0.047,0.004,0.022,0.012,0.0027
1700478000,20.11.2023 11:00,1.46,,0.017,0.045,0.0061,0.023,0.011,0.0027
1700481600,20.11.2023 12:00,1.46,,0.022,0.046,0.0073,0.024,0.013,0.003
1700485200,20.11.2023 13:00,1.49,,0.021,0.045,0.0073,0.025,0.013,0.003
1700488800,20.11.2023 14:00,1.48,,0.023,0.046,0.0071,0.023,0.012,0.0035
1700492400,20.11.2023 15:00,1.48,,0.016,0.047,0.0067,0.02,0.01,0.003
1700496000,20.11.2023 16:00,1.52,,0.015,0.051,0.0043,0.021,0.012,0.0027
1700499600,20.11.2023 17:00,1.49,,0.011,0.053,0.0027,0.02,0.011,0.0022
1700503200,20.11.2023 18:00,1.47,,0.009,0.053,0.0084,0.013,0.007,0.0022
1700506800,20.11.2023 19:00,1.45,,0.005,0.046,0.0122,0.015,0.006,0.0019
1700510400,20.11.2023 20:00,1.45,,0.003,0.038,0.0154,0.018,0.006,0.0016
1700514000,20.11.2023 21:00,1.46,,0.007,0.045,0.008,0.018,0.008,0.0018
1700517600,20.11.2023 22:00,1.44,,0.002,0.039,0.0139,0.017,0.008,0.0021
1700521200,20.11.2023 23:00,1.44,,0.001,0.033,0.0191,0.018,0.006,0.002
1700524800,21.11.2023 00:00,1.44,,0.0,0.029,0.0212,0.015,0.008,0.0014
1700528400,21.11.2023 01:00,1.44,,0.0,0.024,0.0247,0.013,0.006,0.0013
1700532000,21.11.2023 02:00,1.46,,0.0,0.024,0.0226,0.013,0.007,0.0013
1700535600,21.11.2023 03:00,1.44,,0.0,0.024,0.0218,0.012,0.01,0.0016
1700539200,21.11.2023 04:00,1.44,,0.0,0.022,0.0228,0.013,0.008,0.0019
1700542800,21.11.2023 05:00,1.45,,0.0,0.028,0.0173,0.013,0.007,0.0015
1700546400,21.11.2023 06:00,1.45,,0.001,0.031,0.0179,0.012,0.008,0.0015
1700550000,21.11.2023 07:00,1.45,,0.001,0.035,0.015,0.013,0.006,0.0012
1700553600,21.11.2023 08:00,1.45,,0.005,0.042,0.0063,0.015,0.007,0.0018
1700557200,21.11.2023 09:00,1.45,,0.004,0.038,0.0121,0.018,0.007,0.0016
1700560800,21.11.2023 10:00,1.45,,0.009,0.04,0.0112,0.027,0.008,0.0017
1700564400,21.11.2023 11:00,1.45,,0.01,0.036,0.015,0.027,0.009,0.0018
1700568000,21.11.2023 12:00,1.44,,0.006,0.026,0.027,0.025,0.008,0.0016
1700571600,21.11.2023 13:00,1.44,,0.005,0.026,0.0241,0.023,0.008,0.0018
1700575200,21.11.2023 14:00,1.44,,0.005,0.025,0.0228,0.021,0.007,0.0019
1700578800,21.11.2023 15:00,1.43,,0.005,0.027,0.0206,0.02,0.007,0.0016
1700582400,21.11.2023 16:00,1.43,,0.004,0.028,0.0208,0.02,0.008,0.0016
1700586000,21.11.2023 17:00,1.43,,0.004,0.029,0.0196,0.02,0.007,0.0018
1700589600,21.11.2023 18:00,1.44,,0.004,0.031,0.0195,0.02,0.009,0.0014
1700593200,21.11.2023 19:00,1.44,,0.004,0.03,0.0187,0.018,0.007,0.0016
1700596800,21.11.2023 20:00,1.44,,0.003,0.03,0.0193,0.017,0.007,0.0018
1700600400,21.11.2023 21:00,1.43,,0.003,0.035,0.013,0.016,0.006,0.0018
1700604000,21.11.2023 22:00,1.43,,0.003,0.032,0.0162,0.013,0.007,0.0017
1700607600,21.11.2023 23:00,1.43,,0.001,0.03,0.0179,0.012,0.006,0.0016
1700611200,22.11.2023 00:00,1.43,,0.001,0.028,0.0184,0.01,0.006,0.0015
1700614800,22.11.2023 01:00,1.43,,0.0,0.031,0.0156,0.009,0.008,0.0014
1700618400,22.11.2023 02:00,1.44,,0.001,0.036,0.0112,0.01,0.007,0.0012
1700622000,22.11.2023 03:00,1.44,,0.0,0.0,0.0,0.0,0.005,0.0014
1700625600,22.11.2023 04:00,1.44,,0.0,0.022,0.0232,0.008,0.005,0.0014
1700629200,22.11.2023 05:00,1.43,,0.0,0.017,0.0282,0.009,0.007,0.0016
1700632800,22.11.2023 06:00,1.42,,0.0,0.013,0.0344,0.009,0.007,0.0017
1700636400,22.11.2023 07:00,1.42,,0.001,0.016,0.0336,0.011,0.006,0.0018
1700640000,22.11.2023 08:00,1.43,,0.001,0.025,0.0263,0.011,0.007,0.0018
1700643600,22.11.2023 09:00,1.44,,0.003,0.032,0.0211,0.013,0.008,0.0021
1700647200,22.11.2023 10:00,1.43,,0.005,0.031,0.0273,0.01,0.009,0.002
1700650800,22.11.2023 11:00,1.42,,0.006,0.029,0.0331,0.012,0.004,0.002
1700654400,22.11.2023 12:00,1.44,,0.008,0.03,0.0361,0.01,0.006,0.0022
1700658000,22.11.2023 13:00,1.44,,0.012,0.034,0.0295,0.013,0.007,0.0022
1700661600,22.11.2023 14:00,1.47,,0.008,0.037,0.0301,0.013,0.006,0.0024
1700665200,22.11.2023 15:00,1.43,,0.007,0.042,0.0274,0.014,0.005,0.0023
1700668800,22.11.2023 16:00,1.44,,0.006,0.039,0.0264,0.017,0.007,0.0022
1700672400,22.11.2023 17:00,1.42,,0.004,0.037,0.0235,0.018,0.007,0.0024
1700676000,22.11.2023 18:00,1.42,,0.003,0.029,0.0349,0.014,0.01,0.0024
1700679600,22.11.2023 19:00,1.42,,0.004,0.036,0.0247,0.015,0.008,0.0024
1700683200,22.11.2023 20:00,1.43,,0.003,0.041,0.0181,0.015,0.008,0.002
1700686800,22.11.2023 21:00,1.43,,0.004,0.046,0.0133,0.012,0.008,0.002
1700690400,22.11.2023 22:00,1.45,,0.004,0.048,0.0082,0.015,0.008,0.0021
1700694000,22.11.2023 23:00,1.43,,0.001,0.04,0.0164,0.013,0.008,0.0018
1700697600,23.11.2023 00:00,1.43,,0.0,0.022,0.0414,0.006,0.004,0.002
1700701200,23.11.2023 01:00,1.42,,0.0,0.018,0.0481,0.005,0.001,0.0018
1700704800,23.11.2023 02:00,1.41,,0.0,0.013,0.0548,0.003,0.002,0.0018
1700708400,23.11.2023 03:00,1.41,,0.0,0.014,0.051,0.005,0.002,0.0017
1700712000,23.11.2023 04:00,1.41,,0.0,0.012,0.0533,0.003,0.004,0.0015
1700715600,23.11.2023 05:00,1.41,,0.0,0.006,0.0619,0.003,0.001,0.0016
1700719200,23.11.2023 06:00,1.41,,0.001,0.011,0.0568,0.003,0.002,0.0018
1700722800,23.11.2023 07:00,1.41,,0.0,0.014,0.0541,0.002,0.001,0.0017
1700726400,23.11.2023 08:00,1.41,,0.001,0.018,0.0505,0.004,0.002,0.0015
1700730000,23.11.2023 09:00,1.41,,0.002,0.029,0.0409,0.005,0.002,0.0016
1700733600,23.11.2023 10:00,1.42,,0.002,0.027,0.0421,0.008,0.002,0.0018
1700737200,23.11.2023 11:00,1.41,,0.002,0.022,0.0461,0.006,0.002,0.0015
1700740800,23.11.2023 12:00,1.42,,0.003,0.02,0.0455,0.005,0.0,0.0016
1700744400,23.11.2023 13:00,1.46,,0.003,0.026,0.0384,0.007,0.003,0.0017
1700748000,23.11.2023 14:00,1.42,,0.002,0.026,0.0395,0.008,0.001,0.0016
1700751600,23.11.2023 15:00,1.42,,0.002,0.026,0.0367,0.017,0.001,0.0015
1700755200,23.11.2023 16:00,1.42,,0.002,0.028,0.0372,0.027,0.002,0.0012
1700758800,23.11.2023 17:00,1.42,,0.001,0.024,0.0388,0.03,0.001,0.0011
1700762400,23.11.2023 18:00,1.42,,0.001,0.025,0.0351,0.023,0.002,0.0012
1700766000,23.11.2023 19:00,1.44,,0.001,0.029,0.0287,0.015,0.003,0.0013
1700769600,23.11.2023 20:00,1.43,,0.001,0.028,0.0282,0.008,0.002,0.0015
1700773200,23.11.2023 21:00,1.43,,0.001,0.028,0.0261,0.008,0.002,0.0016
1700776800,23.11.2023 22:00,1.43,,0.001,0.025,0.0282,0.008,0.004,0.0012
1700780400,23.11.2023 23:00,1.43,,0.001,0.019,0.0325,0.013,0.005,0.0012
1700784000,24.11.2023 00:00,1.44,,0.0,0.02,0.0293,0.018,0.003,0.0012
1700787600,24.11.2023 01:00,1.45,,0.0,0.021,0.0285,0.011,0.006,0.0011
1700791200,24.11.2023 02:00,1.46,,0.0,0.021,0.0269,0.011,0.005,0.0013
1700794800,24.11.2023 03:00,1.48,,0.0,0.03,0.0156,0.011,0.007,0.0015
1700798400,24.11.2023 04:00,1.48,,0.0,0.026,0.0218,0.012,0.007,0.0016
1700802000,24.11.2023 05:00,1.49,,0.0,0.026,0.0182,0.011,0.006,0.0013
1700805600,24.11.2023 06:00,1.48,,0.001,0.036,0.0095,0.011,0.007,0.0014
1700809200,24.11.2023 07:00,1.48,,0.003,0.042,0.0049,0.013,0.009,0.0014
1700812800,24.11.2023 08:00,1.47,,0.008,0.044,0.0032,0.018,0.013,0.0015
1700816400,24.11.2023 09:00,1.52,,0.011,0.045,0.0046,0.016,0.011,0.0016
1700820000,24.11.2023 10:00,1.55,,0.03,0.05,0.004,0.018,0.013,0.0026
1700823600,24.11.2023 11:00,1.52,,0.04,0.052,0.0055,0.022,0.016,0.0028
1700827200,24.11.2023 12:00,1.51,,0.049,0.054,0.0061,0.027,0.018,0.0029
1700830800,24.11.2023 13:00,1.52,,0.039,0.047,0.0089,0.03,0.019,0.0025
1700834400,24.11.2023 14:00,1.6,,0.026,0.047,0.0076,0.026,0.019,0.0023
1700838000,24.11.2023 15:00,1.54,,0.025,0.048,0.0054,0.025,0.019,0.0023
1700841600,24.11.2023 16:00,1.52,,0.027,0.051,0.0034,0.026,0.018,0.0024
1700845200,24.11.2023 17:00,1.51,,0.018,0.05,0.0025,0.021,0.017,0.0022
1700848800,24.11.2023 18:00,1.5,,0.018,0.05,0.0021,0.02,0.016,0.0023
1700852400,24.11.2023 19:00,1.52,,0.022,0.05,0.0021,0.021,0.017,0.0024
1700856000,24.11.2023 20:00,1.48,,0.031,0.051,0.0022,0.021,0.017,0.0023
1700859600,24.11.2023 21:00,1.51,,0.038,0.053,0.002,0.021,0.016,0.0026
1700863200,24.11.2023 22:00,1.51,,0.035,0.052,0.0024,0.022,0.018,0.0026
1700866800,24.11.2023 23:00,1.53,,0.042,0.054,0.0022,0.021,0.017,0.0029
1700870400,25.11.2023 00:00,1.53,,0.042,0.055,0.0024,0.025,0.02,0.0033
1700874000,25.11.2023 01:00,1.59,,0.025,0.05,0.0018,0.022,0.018,0.0028
1700877600,25.11.2023 02:00,1.65,,0.041,0.052,0.0019,0.022,0.017,0.0036
1700881200,25.11.2023 03:00,1.6,,0.027,0.047,0.0017,0.02,0.017,0.0036
1700884800,25.11.2023 04:00,1.54,,0.017,0.045,0.0018,0.018,0.014,0.0029
1700888400,25.11.2023 05:00,1.51,,0.014,0.044,0.0016,0.017,0.013,0.0029
1700892000,25.11.2023 06:00,1.52,,0.012,0.043,0.0014,0.02,0.016,0.0022
1700895600,25.11.2023 07:00,1.62,,0.019,0.044,0.0015,0.019,0.016,0.0022
1700899200,25.11.2023 08:00,1.5,,0.022,0.044,0.0016,0.017,0.015,0.0022
1700902800,25.11.2023 09:00,1.5,,0.019,0.041,0.0023,0.015,0.013,0.0024
1700906400,25.11.2023 10:00,1.51,,0.035,0.044,0.0036,0.017,0.014,0.0025
1700910000,25.11.2023 11:00,1.51,,0.047,0.046,0.0048,0.022,0.017,0.0029
1700913600,25.11.2023 12:00,1.49,,0.043,0.044,0.0057,0.023,0.018,0.0028
1700917200,25.11.2023 13:00,1.48,,0.037,0.041,0.0071,0.022,0.015,0.0026
1700920800,25.11.2023 14:00,1.49,,0.027,0.038,0.0065,0.022,0.017,0.0022
1700924400,25.11.2023 15:00,1.51,,0.026,0.039,0.0054,0.023,0.017,0.0022
1700928000,25.11.2023 16:00,1.51,,0.021,0.037,0.004,0.02,0.016,0.0023
1700931600,25.11.2023 17:00,1.54,,0.019,0.039,0.002,0.02,0.016,0.0023
1700935200,25.11.2023 18:00,1.55,,0.016,0.037,0.0024,0.018,0.015,0.0021
1700938800,25.11.2023 19:00,1.53,,0.013,0.036,0.0022,0.018,0.015,0.002
1700942400,25.11.2023 20:00,1.52,,0.021,0.039,0.0019,0.02,0.016,0.0024
1700946000,25.11.2023 21:00,1.53,,0.033,0.041,0.0022,0.021,0.018,0.0025
1700949600,25.11.2023 22:00,1.53,,0.022,0.039,0.0019,0.018,0.015,0.0022
1700953200,25.11.2023 23:00,1.52,,0.024,0.04,0.0018,0.017,0.014,0.0023
1700956800,26.11.2023 00:00,1.52,,0.02,0.041,0.0019,0.016,0.014,0.0021
1700960400,26.11.2023 01:00,1.51,,0.024,0.041,0.0017,0.013,0.011,0.0021
1700964000,26.11.2023 02:00,1.55,,0.047,0.043,0.0019,0.017,0.014,0.0027
1700967600,26.11.2023 03:00,1.56,,0.064,0.05,0.0021,0.019,0.015,0.0031
1700971200,26.11.2023 04:00,1.57,,0.055,0.055,0.0025,0.019,0.015,0.0027
1700974800,26.11.2023 05:00,1.54,,0.035,0.052,0.002,0.02,0.016,0.0026
1700978400,26.11.2023 06:00,1.54,,0.025,0.049,0.0015,0.015,0.013,0.0024
1700982000,26.11.2023 07:00,1.53,,0.018,0.048,0.0016,0.013,0.011,0.0022
1700985600,26.11.2023 08:00,1.6,,0.043,0.055,0.0016,0.018,0.014,0.0038
1700989200,26.11.2023 09:00,1.52,,0.034,0.053,0.002,0.007,0.0,0.0052
1700989200,26.11.2023 09:00,1.52,,0.034,0.053,0.002,0.007,0.005,0.0052
1700992800,26.11.2023 10:00,1.54,,0.026,0.051,0.0037,0.001,0.001,0.0042
1700992800,26.11.2023 10:00,1.54,,0.026,0.051,0.0037,0.001,0.0,0.0042
1700996400,26.11.2023 11:00,1.56,,0.046,0.054,0.0048,0.023,0.015,0.0045
1701000000,26.11.2023 12:00,1.69,,0.059,0.055,0.0046,0.028,0.02,0.0042
1701003600,26.11.2023 13:00,1.7,,0.059,0.053,0.0047,0.027,0.019,0.0042
1701007200,26.11.2023 14:00,1.57,,0.06,0.054,0.0043,0.025,0.018,0.0045
1701010800,26.11.2023 15:00,1.54,,0.05,0.053,0.0044,0.021,0.016,0.004
1701014400,26.11.2023 16:00,1.53,,0.044,0.054,0.0026,0.02,0.015,0.0035
1701018000,26.11.2023 17:00,1.6,,0.035,0.051,0.0019,0.019,0.015,0.0035
1701021600,26.11.2023 18:00,1.55,,0.025,0.048,0.0016,0.018,0.014,0.0026
1701025200,26.11.2023 19:00,1.53,,0.02,0.046,0.0016,0.015,0.012,0.0027
1701028800,26.11.2023 20:00,1.51,,0.015,0.043,0.002,0.016,0.011,0.0021
1701032400,26.11.2023 21:00,1.51,,0.009,0.041,0.0028,0.012,0.008,0.0019
1701036000,26.11.2023 22:00,1.51,,0.01,0.042,0.0033,0.009,0.006,0.0018
1701039600,26.11.2023 23:00,1.48,,0.007,0.041,0.005,0.007,0.005,0.002
1701043200,27.11.2023 00:00,1.47,,0.004,0.037,0.0075,0.009,0.004,0.0018
1701046800,27.11.2023 01:00,1.52,,0.006,0.039,0.0073,0.013,0.004,0.0018
1701050400,27.11.2023 02:00,1.51,,0.004,0.039,0.0079,0.009,0.005,0.0017
1701054000,27.11.2023 03:00,1.5,,0.006,0.037,0.0072,0.01,0.007,0.0019
1701057600,27.11.2023 04:00,1.53,,0.005,0.038,0.0058,0.009,0.007,0.0022
1701061200,27.11.2023 05:00,1.51,,0.003,0.031,0.0104,0.008,0.004,0.002
1701064800,27.11.2023 06:00,1.47,,0.0,0.024,0.014,0.007,0.006,0.0017
1701068400,27.11.2023 07:00,1.47,,0.002,0.028,0.0088,0.008,0.006,0.002
1701072000,27.11.2023 08:00,1.46,,0.006,0.036,0.0036,0.006,0.005,0.0018
1701075600,27.11.2023 09:00,1.46,,0.012,0.039,0.0026,0.005,0.001,0.002
1701079200,27.11.2023 10:00,1.47,,0.023,0.041,0.0023,0.005,0.004,0.0023
1701082800,27.11.2023 11:00,1.53,,0.028,0.043,0.0035,0.008,0.006,0.0024
1701086400,27.11.2023 12:00,1.52,,0.016,0.041,0.0054,0.007,0.006,0.0019
1701090000,27.11.2023 13:00,1.51,,0.017,0.042,0.0042,0.016,0.011,0.0026
1701093600,27.11.2023 14:00,1.52,,0.021,0.043,0.0035,0.017,0.011,0.0024
1701097200,27.11.2023 15:00,1.49,,0.017,0.044,0.0045,0.019,0.011,0.0022
1701100800,27.11.2023 16:00,1.51,,0.013,0.047,0.0048,0.017,0.009,0.0022
1701104400,27.11.2023 17:00,1.51,,0.008,0.047,0.0073,0.016,0.006,0.0023
1701108000,27.11.2023 18:00,1.5,,0.004,0.045,0.0118,0.014,0.006,0.0021
1701111600,27.11.2023 19:00,1.46,,0.0,0.03,0.0224,0.009,0.006,0.0019
1701115200,27.11.2023 20:00,1.44,,0.0,0.025,0.0219,0.007,0.004,0.0018
1701118800,27.11.2023 21:00,1.44,,0.0,0.023,0.0217,0.008,0.006,0.0016
1701122400,27.11.2023 22:00,1.45,,0.0,0.019,0.0204,0.007,0.004,0.002
1701126000,27.11.2023 23:00,1.45,,0.001,0.021,0.0167,0.009,0.005,0.0017
1701129600,28.11.2023 00:00,1.45,,0.0,0.019,0.0174,0.008,0.006,0.0015
1701133200,28.11.2023 01:00,1.46,,0.0,0.021,0.0133,0.009,0.007,0.0014
1701136800,28.11.2023 02:00,1.46,,0.0,0.018,0.0177,0.01,0.008,0.0013
1701140400,28.11.2023 03:00,1.45,,0.0,0.012,0.024,0.01,0.008,0.0014
1701144000,28.11.2023 04:00,1.44,,0.0,0.011,0.0252,0.009,0.008,0.0012
1701147600,28.11.2023 05:00,1.45,,0.0,0.012,0.025,0.008,0.008,0.0012
1701151200,28.11.2023 06:00,1.45,,0.0,0.011,0.026,0.008,0.007,0.0016
1701154800,28.11.2023 07:00,1.45,,0.0,0.013,0.0265,0.011,0.008,0.0015
1701158400,28.11.2023 08:00,1.44,,0.001,0.018,0.0232,0.011,0.008,0.0015
1701162000,28.11.2023 09:00,1.45,,0.002,0.026,0.0168,0.009,0.009,0.0013
1701165600,28.11.2023 10:00,1.45,,0.004,0.027,0.0176,0.012,0.008,0.0016
1701169200,28.11.2023 11:00,1.44,,0.007,0.03,0.0174,0.014,0.009,0.0016
1701172800,28.11.2023 12:00,1.45,,0.008,0.026,0.0214,0.015,0.009,0.0018
1701176400,28.11.2023 13:00,1.45,,0.007,0.024,0.0231,0.013,0.009,0.0014
1701180000,28.11.2023 14:00,1.45,,0.008,0.026,0.0236,0.016,0.009,0.0016
1701183600,28.11.2023 15:00,1.45,,0.006,0.028,0.0257,0.013,0.009,0.0014
1701187200,28.11.2023 16:00,1.45,,0.004,0.027,0.024,0.017,0.01,0.0015
1701190800,28.11.2023 17:00,1.44,,0.003,0.032,0.0223,0.019,0.009,0.0015
1701194400,28.11.2023 18:00,1.44,,0.003,0.035,0.0168,0.015,0.009,0.0013
1701198000,28.11.2023 19:00,1.44,,0.002,0.034,0.0165,0.011,0.009,0.0015
1701201600,28.11.2023 20:00,1.44,,0.001,0.033,0.0178,0.011,0.009,0.0017
1701205200,28.11.2023 21:00,1.44,,0.001,0.029,0.0232,0.011,0.009,0.0016
1701208800,28.11.2023 22:00,1.43,,0.001,0.026,0.0255,0.011,0.008,0.0016
1701212400,28.11.2023 23:00,1.44,,0.001,0.029,0.0236,0.01,0.008,0.0018
1701216000,29.11.2023 00:00,1.45,,0,0.025,0.0272,0.009,0.008,0.0019
1701219600,29.11.2023 01:00,1.44,,0,0.025,0.0256,0.009,0.008,0.0017
1701223200,29.11.2023 02:00,1.44,,0.001,0.035,0.0185,0.01,0.008,0.002
1701226800,29.11.2023 03:00,1.44,,0,0.026,0.0318,0.008,0.007,0.0019
1701230400,29.11.2023 04:00,1.43,,0,0.016,0.0421,0.007,0.006,0.0021
1701234000,29.11.2023 05:00,1.43,,0,0.016,0.0391,0.007,0.006,0.0019
1701237600,29.11.2023 06:00,1.43,,0,0.02,0.0383,0.008,0.006,0.0019
1701241200,29.11.2023 07:00,1.43,,0,0.02,0.0364,0.009,0.006,0.0021
1701244800,29.11.2023 08:00,1.44,,0,0.025,0.03,0.012,0.009,0.0022
1701248400,29.11.2023 09:00,1.44,,0.002,0.036,0.0206,0.013,0.011,0.0021
1701252000,29.11.2023 10:00,1.45,,0.009,0.044,0.0143,0.015,0.011,0.0022
1701255600,29.11.2023 11:00,1.48,,0.012,0.046,0.0131,0.019,0.012,0.0024
1701259200,29.11.2023 12:00,1.49,,0.013,0.044,0.0127,0.019,0.012,0.0025
1701262800,29.11.2023 13:00,1.5,,0.015,0.045,0.0097,0.022,0.013,0.0025
1701266400,29.11.2023 14:00,1.5,,0.03,0.048,0.0083,0.024,0.015,0.0038
1701270000,29.11.2023 15:00,1.49,,0.03,0.055,0.0049,0.021,0.014,0.0047
1701273600,29.11.2023 16:00,1.47,,0.012,0.051,0.0063,0.018,0.011,0.0067
1701277200,29.11.2023 17:00,1.46,,0.008,0.051,0.0043,0.02,0.012,0.0058
1701280800,29.11.2023 18:00,1.46,,0.008,0.052,0.0049,0.016,0.011,0.0045
1701284400,29.11.2023 19:00,1.46,,0.006,0.049,0.0052,0.014,0.009,0.0042
1701288000,29.11.2023 20:00,1.47,,0.005,0.048,0.0049,0.014,0.01,0.0039
1701291600,29.11.2023 21:00,1.47,,0.007,0.05,0.004,0.014,0.009,0.0043
1701295200,29.11.2023 22:00,1.47,,0.006,0.043,0.0103,0.012,0.008,0.0037
1701298800,29.11.2023 23:00,1.47,,0.004,0.039,0.016,0.008,0.006,0.003
1701302400,30.11.2023 00:00,1.47,,0.003,0.039,0.0177,0.01,0.005,0.0025
1701306000,30.11.2023 01:00,1.45,,0.003,0.032,0.0261,0.007,0.003,0.0022
1701309600,30.11.2023 02:00,1.47,,0.002,0.03,0.0257,0.005,0.003,0.0018
1701313200,30.11.2023 03:00,1.45,,0.001,0.027,0.0305,0.005,0.003,0.0019
1701316800,30.11.2023 04:00,1.45,,0,0.028,0.0245,0.006,0.004,0.0023
1701320400,30.11.2023 05:00,1.46,,0.001,0.037,0.0172,0.009,0.006,0.0022
1701324000,30.11.2023 06:00,1.47,,0,0.021,0.032,0.008,0.005,0.002
1701327600,30.11.2023 07:00,1.47,,0,0.02,0.0277,0.007,0.005,0.0023
1701331200,30.11.2023 08:00,1.47,,0.001,0.031,0.0163,0.008,0.006,0.0022
1701334800,30.11.2023 09:00,1.46,,0.005,0.04,0.0068,0.01,0.007,0.0022
1701338400,30.11.2023 10:00,1.45,,0.008,0.041,0.0079,0.012,0.009,0.0022
1701342000,30.11.2023 11:00,1.46,,0.005,0.032,0.0144,0.011,0.01,0.0022
1701345600,30.11.2023 12:00,1.46,,0.003,0.022,0.0219,0.011,0.008,0.0019
1701349200,30.11.2023 13:00,1.46,,0.006,0.025,0.0179,0.014,0.01,0.0022
1701352800,30.11.2023 14:00,1.45,,0.004,0.02,0.0288,0.009,0.006,0.0021
1701356400,30.11.2023 15:00,1.44,,0.003,0.018,0.0305,0.009,0.007,0.0022
1701360000,30.11.2023 16:00,1.44,,0.002,0.024,0.0247,0.011,0.007,0.0019
1701363600,30.11.2023 17:00,1.44,,0.002,0.03,0.0218,0.011,0.008,0.0018
1701367200,30.11.2023 18:00,1.45,,0.001,0.031,0.0221,0.011,0.009,0.0016
1701370800,30.11.2023 19:00,1.44,,0.001,0.028,0.0244,0.01,0.008,0.0018
1701374400,30.11.2023 20:00,1.44,,0.001,0.027,0.0264,0.01,0.008,0.0017
1701378000,30.11.2023 21:00,1.44,,0.001,0.027,0.0259,0.011,0.008,0.0015
1701381600,30.11.2023 22:00,1.44,,0.001,0.024,0.0288,0.012,0.009,0.0016
1701385200,30.11.2023 23:00,1.46,,0,0.023,0.0272,0.011,0.009,0.0017
