CH4,CO,NO,NO2,OZ,PM10,PM2.5,SO2,datetime
1.34,0.73,0.065,0.087,0.0014,0.019,0.012,0.0021,2023-07-01 00:00:00
1.35,0.6,0.046,0.095,0.0014,0.02,0.013,0.0017,2023-07-01 01:00:00
1.33,0.3,0.006,0.088,0.0049,0.011,0.007,0.0012,2023-07-01 02:00:00
1.34,0.23,0.001,0.061,0.0127,0.016,0.01,0.001,2023-07-01 03:00:00
1.33,0.1,0.001,0.027,0.0209,0.016,0.01,0.0007,2023-07-01 04:00:00
1.31,0.1,0.0,0.015,0.0223,0.014,0.009,0.0008,2023-07-01 05:00:00
1.3,0.1,0.001,0.016,0.0201,0.014,0.01,0.001,2023-07-01 06:00:00
1.3,0.1,0.002,0.016,0.0218,0.015,0.011,0.001,2023-07-01 07:00:00
1.29,0.1,0.003,0.015,0.0263,0.014,0.009,0.0009,2023-07-01 08:00:00
1.29,0.1,0.003,0.016,0.0313,0.015,0.009,0.0012,2023-07-01 09:00:00
1.29,0.1,0.002,0.013,0.0451,0.015,0.007,0.0011,2023-07-01 10:00:00
1.28,0.1,0.002,0.011,0.0552,0.013,0.005,0.0011,2023-07-01 11:00:00
1.28,0.1,0.001,0.01,0.0607,0.011,0.005,0.0012,2023-07-01 12:00:00
1.28,0.1,0.002,0.012,0.0644,0.011,0.007,0.0011,2023-07-01 13:00:00
1.26,0.13,0.001,0.011,0.0666,0.011,0.007,0.001,2023-07-01 14:00:00
1.27,0.1,0.001,0.011,0.0649,0.014,0.005,0.001,2023-07-01 15:00:00
1.27,0.1,0.001,0.012,0.0602,0.02,0.011,0.0011,2023-07-01 16:00:00
1.28,0.1,0.001,0.013,0.0599,0.018,0.009,0.0012,2023-07-01 17:00:00
1.28,0.1,0.001,0.011,0.0718,0.01,0.007,0.001,2023-07-01 18:00:00
1.28,0.1,0.001,0.017,0.0723,0.023,0.013,0.0007,2023-07-01 19:00:00
1.28,0.13,0.001,0.03,0.0634,0.023,0.01,0.0013,2023-07-01 20:00:00
1.3,0.2,0.0,0.04,0.0553,0.035,0.013,0.0015,2023-07-01 21:00:00
1.3,0.1,0.0,0.027,0.0657,0.025,0.015,0.0012,2023-07-01 22:00:00
1.3,0.1,0.0,0.028,0.0512,0.019,0.012,0.0012,2023-07-01 23:00:00
0.0,0.0,0.0,0.0,0.0,0.0,0.0,0.0,2023-07-02 00:00:00
1.31,0.13,0.0,0.034,0.0434,0.014,0.01,0.0013,2023-07-02 00:00:00
1.32,0.13,0.0,0.035,0.0393,0.014,0.01,0.001,2023-07-02 01:00:00
0.0,0.0,0.0,0.0,0.0,0.0,0.0,0.0,2023-07-02 02:00:00
1.31,0.13,0.0,0.03,0.0381,0.016,0.01,0.0009,2023-07-02 02:00:00
1.32,0.1,0.0,0.028,0.0374,0.018,0.011,0.0013,2023-07-02 03:00:00
0.0,0.0,0.0,0.0,0.0,0.0,0.0,0.0,2023-07-02 04:00:00
1.31,0.1,0.0,0.015,0.041,0.017,0.01,0.0013,2023-07-02 04:00:00
1.31,0.1,0.0,0.014,0.0395,0.017,0.01,0.0015,2023-07-02 05:00:00
0.0,0.0,0.0,0.0,0.0,0.0,0.0,0.0,2023-07-02 06:00:00
1.3,0.1,0.001,0.014,0.0388,0.016,0.009,0.0013,2023-07-02 06:00:00
1.3,0.03,0.0,0.009,0.0404,0.012,0.007,0.0012,2023-07-02 07:00:00
1.29,0.03,0.001,0.009,0.0387,0.015,0.008,0.0013,2023-07-02 08:00:00
1.29,0.1,0.002,0.01,0.0425,0.017,0.008,0.0013,2023-07-02 09:00:00
1.28,0.03,0.002,0.009,0.0513,0.014,0.007,0.0014,2023-07-02 10:00:00
1.27,0.0,0.001,0.01,0.0599,0.015,0.006,0.0016,2023-07-02 11:00:00
1.27,0.03,0.001,0.01,0.0618,0.014,0.005,0.0016,2023-07-02 12:00:00
1.27,0.0,0.001,0.009,0.0646,0.012,0.005,0.0015,2023-07-02 13:00:00
1.26,0.03,0.002,0.01,0.0644,0.01,0.009,0.0015,2023-07-02 14:00:00
1.26,0.1,0.002,0.011,0.0683,0.011,0.004,0.0013,2023-07-02 15:00:00
1.26,0.1,0.001,0.01,0.0749,0.017,0.006,0.0013,2023-07-02 16:00:00
1.26,0.37,0.001,0.01,0.0764,0.02,0.007,0.0013,2023-07-02 17:00:00
1.26,0.17,0.001,0.01,0.0783,0.021,0.009,0.0013,2023-07-02 18:00:00
1.27,0.1,0.001,0.011,0.0765,0.02,0.011,0.0014,2023-07-02 19:00:00
1.28,0.1,0.0,0.016,0.0713,0.031,0.011,0.0012,2023-07-02 20:00:00
1.29,0.13,0.0,0.024,0.0617,0.024,0.011,0.0013,2023-07-02 21:00:00
1.29,0.2,0.0,0.033,0.0411,0.026,0.014,0.0013,2023-07-02 22:00:00
1.31,0.23,0.0,0.056,0.0148,0.026,0.013,0.0012,2023-07-02 23:00:00
1.32,0.3,0.006,0.077,0.004,0.029,0.014,0.0013,2023-07-03 00:00:00
1.32,0.4,0.016,0.086,0.0028,0.028,0.013,0.0016,2023-07-03 01:00:00
1.31,0.27,0.002,0.061,0.027,0.026,0.012,0.0014,2023-07-03 02:00:00
1.31,0.3,0.0,0.036,0.0429,0.023,0.013,0.0011,2023-07-03 03:00:00
1.32,0.27,0.0,0.029,0.0475,0.025,0.015,0.0013,2023-07-03 04:00:00
1.33,0.23,0.0,0.022,0.0479,0.032,0.021,0.001,2023-07-03 05:00:00
1.34,0.27,0.001,0.019,0.0427,0.025,0.017,0.0009,2023-07-03 06:00:00
1.32,0.23,0.002,0.021,0.0421,0.027,0.018,0.0012,2023-07-03 07:00:00
1.31,0.3,0.002,0.019,0.0462,0.02,0.013,0.0013,2023-07-03 08:00:00
1.3,0.23,0.003,0.014,0.0531,0.015,0.007,0.0013,2023-07-03 09:00:00
1.29,0.2,0.002,0.012,0.0615,0.011,0.003,0.0012,2023-07-03 10:00:00
1.28,0.1,,,0.0607,0.011,0.005,0.0012,2023-07-01 12:00:00
1.28,0.1,,,0.0644,0.011,0.007,0.0011,2023-07-01 13:00:00
1.26,0.13,,,0.0666,0.011,0.007,0.001,2023-07-01 14:00:00
1.27,0.1,,,0.0649,0.014,0.005,0.001,2023-07-01 15:00:00
1.27,0.1,,,0.0602,0.02,0.011,0.0011,2023-07-01 16:00:00
1.28,0.1,,,0.0599,0.018,0.009,0.0012,2023-07-01 17:00:00
1.28,0.1,,,0.0718,0.01,0.007,0.001,2023-07-01 18:00:00
1.28,0.1,,,0.0723,0.023,0.013,0.0007,2023-07-01 19:00:00
1.28,0.13,,,0.0634,0.023,0.01,0.0013,2023-07-01 20:00:00
1.3,0.2,,,0.0553,0.035,0.013,0.0015,2023-07-01 21:00:00
1.3,0.1,,,0.0657,0.025,0.015,0.0012,2023-07-01 22:00:00
1.3,0.1,,,0.0512,0.019,0.012,0.0012,2023-07-01 23:00:00
1.31,0.13,,,0.0434,0.014,0.01,0.0013,2023-07-02 00:00:00
1.32,0.13,,,0.0393,0.014,0.01,0.001,2023-07-02 01:00:00
1.31,0.13,,,0.0381,0.016,0.01,0.0009,2023-07-02 02:00:00
1.32,0.1,,,0.0374,0.018,0.011,0.0013,2023-07-02 03:00:00
1.31,0.1,,,0.041,0.017,0.01,0.0013,2023-07-02 04:00:00
1.31,0.1,,,0.0395,0.017,0.01,0.0015,2023-07-02 05:00:00
1.3,0.1,,,0.0388,0.016,0.009,0.0013,2023-07-02 06:00:00
1.3,0.03,,,0.0404,0.012,0.007,0.0012,2023-07-02 07:00:00
1.29,0.03,,,0.0387,0.015,0.008,0.0013,2023-07-02 08:00:00
1.29,0.1,,,0.0425,0.017,0.008,0.0013,2023-07-02 09:00:00
1.28,0.03,,,0.0513,0.014,0.007,0.0014,2023-07-02 10:00:00
1.27,0.0,,,0.0599,0.015,0.006,0.0016,2023-07-02 11:00:00
1.27,0.03,,,0.0618,0.014,0.005,0.0016,2023-07-02 12:00:00
1.27,0.0,,,0.0646,0.012,0.005,0.0015,2023-07-02 13:00:00
1.26,0.03,,,0.0644,0.01,0.009,0.0015,2023-07-02 14:00:00
1.26,0.1,,,0.0683,0.011,0.004,0.0013,2023-07-02 15:00:00
1.26,0.1,,,0.0749,0.017,0.006,0.0013,2023-07-02 16:00:00
1.26,0.37,,,0.0764,0.02,0.007,0.0013,2023-07-02 17:00:00
1.26,0.17,,,0.0783,0.021,0.009,0.0013,2023-07-02 18:00:00
1.27,0.1,,,0.0765,0.02,0.011,0.0014,2023-07-02 19:00:00
1.28,0.1,,,0.0713,0.031,0.011,0.0012,2023-07-02 20:00:00
1.29,0.13,,,0.0617,0.024,0.011,0.0013,2023-07-02 21:00:00
1.29,0.2,,,0.0411,0.026,0.014,0.0013,2023-07-02 22:00:00
1.31,0.23,,,0.0148,0.026,0.013,0.0012,2023-07-02 23:00:00
1.32,0.3,,,0.004,0.029,0.014,0.0013,2023-07-03 00:00:00
1.32,0.4,,,0.0028,0.028,0.013,0.0016,2023-07-03 01:00:00
1.31,0.27,,,0.027,0.026,0.012,0.0014,2023-07-03 02:00:00
1.31,0.3,,,0.0429,0.023,0.013,0.0011,2023-07-03 03:00:00
1.32,0.27,,,0.0475,0.025,0.015,0.0013,2023-07-03 04:00:00
1.33,0.23,,,0.0479,0.032,0.021,0.001,2023-07-03 05:00:00
1.34,0.27,,,0.0427,0.025,0.017,0.0009,2023-07-03 06:00:00
1.32,0.23,,,0.0421,0.027,0.018,0.0012,2023-07-03 07:00:00
1.31,0.3,,,0.0462,0.02,0.013,0.0013,2023-07-03 08:00:00
1.3,0.23,,,0.0531,0.015,0.007,0.0013,2023-07-03 09:00:00
1.29,0.2,,,0.0615,0.011,0.003,0.0012,2023-07-03 10:00:00
1.28,0.2,,,0.0654,0.012,0.004,0.0011,2023-07-03 11:00:00
1.27,0.2,,,0.0726,0.013,0.006,0.0012,2023-07-03 12:00:00
1.27,0.2,,,0.0719,0.012,0.007,0.0011,2023-07-03 13:00:00
1.27,0.2,,,0.0788,0.016,0.005,0.0009,2023-07-03 14:00:00
1.27,0.1,,,0.0772,0.02,0.007,0.001,2023-07-03 15:00:00
1.27,0.1,,,0.0789,0.016,0.005,0.0013,2023-07-03 16:00:00
1.27,0.1,,,0.0796,0.02,0.006,0.0011,2023-07-03 17:00:00
1.27,0.1,,,0.081,0.017,0.006,0.0014,2023-07-03 18:00:00
1.27,0.13,,,0.0787,0.024,0.006,0.0015,2023-07-03 19:00:00
1.28,0.17,,,0.0724,0.025,0.009,0.0015,2023-07-03 20:00:00
1.29,0.1,,,0.0678,0.021,0.008,0.0015,2023-07-03 21:00:00
1.29,0.2,,,0.0492,0.023,0.009,0.002,2023-07-03 22:00:00
1.3,0.23,,,0.0273,0.027,0.011,0.0016,2023-07-03 23:00:00
1.33,0.27,,,0.0176,0.032,0.013,0.0012,2023-07-04 00:00:00
1.4,0.2,,,0.0377,0.029,0.012,0.0014,2023-07-04 01:00:00
1.31,0.13,,,0.0379,0.026,0.013,0.001,2023-07-04 02:00:00
1.31,0.1,,,0.0416,0.023,0.011,0.0012,2023-07-04 03:00:00
1.32,0.1,,,0.034,0.024,0.012,0.0013,2023-07-04 04:00:00
1.32,0.1,,,0.0335,0.026,0.013,0.0015,2023-07-04 05:00:00
1.33,0.1,,,0.0404,0.024,0.012,0.0016,2023-07-04 06:00:00
1.33,0.1,,,0.0461,0.026,0.012,0.0018,2023-07-04 07:00:00
1.33,0.2,,,0.0435,0.031,0.014,0.0019,2023-07-04 08:00:00
1.31,0.1,,,0.0534,0.031,0.014,0.002,2023-07-04 09:00:00
1.3,0.1,,,0.078,0.027,0.011,0.0018,2023-07-04 10:00:00
1.29,0.1,,,0.0899,0.024,0.01,0.0016,2023-07-04 11:00:00
1.29,0.1,,,0.0917,0.022,0.009,0.0014,2023-07-04 12:00:00
1.29,0.1,,,0.0955,0.023,0.008,0.0015,2023-07-04 13:00:00
1.29,0.03,,,0.1038,0.02,0.009,0.0013,2023-07-04 14:00:00
1.28,0.1,,,0.1031,0.019,0.008,0.0017,2023-07-04 15:00:00
1.28,0.1,,,0.109,0.015,0.008,0.0015,2023-07-04 16:00:00
1.28,0.1,,,0.1125,0.017,0.009,0.0017,2023-07-04 17:00:00
1.28,0.1,,,0.1076,0.023,0.01,0.0018,2023-07-04 18:00:00
1.29,0.1,,,0.1055,0.023,0.011,0.0015,2023-07-04 19:00:00
1.29,0.1,,,0.0996,0.027,0.014,0.0018,2023-07-04 20:00:00
1.3,0.13,,,0.0821,0.035,0.015,0.0017,2023-07-04 21:00:00
1.31,0.2,,,0.0566,0.035,0.015,0.002,2023-07-04 22:00:00
1.31,0.27,,,0.0343,0.038,0.016,0.0022,2023-07-04 23:00:00
1.31,0.2,,,0.0316,0.038,0.018,0.0021,2023-07-05 00:00:00
1.32,0.2,,,0.0392,0.034,0.017,0.0016,2023-07-05 01:00:00
1.33,0.2,,,0.0463,0.03,0.015,0.0017,2023-07-05 02:00:00
1.33,0.2,,,0.0539,0.028,0.015,0.0022,2023-07-05 03:00:00
1.32,0.2,,,0.0555,0.031,0.019,0.002,2023-07-05 04:00:00
1.32,0.2,,,0.0559,0.026,0.014,0.0021,2023-07-05 05:00:00
1.33,0.2,,,0.0551,0.025,0.013,0.0022,2023-07-05 06:00:00
1.34,0.2,,,0.0456,0.028,0.014,0.0023,2023-07-05 07:00:00
1.33,0.3,,,0.0432,0.037,0.016,0.0025,2023-07-05 08:00:00
1.34,0.3,,,0.0575,0.03,0.012,0.0026,2023-07-05 09:00:00
1.31,0.2,,,0.0782,0.031,0.013,0.0025,2023-07-05 10:00:00
1.31,0.2,,,0.09,0.033,0.014,0.0023,2023-07-05 11:00:00
1.3,0.2,,,0.0958,0.037,0.019,0.0022,2023-07-05 12:00:00
1.31,0.2,,,0.0971,0.039,0.02,0.0025,2023-07-05 13:00:00
1.3,0.2,,,0.0842,0.036,0.018,0.0024,2023-07-05 14:00:00
1.32,0.23,,,0.0761,0.04,0.019,0.0023,2023-07-05 15:00:00
1.3,0.1,,,0.0912,0.023,0.013,0.0022,2023-07-05 16:00:00
1.28,0.13,,,0.0937,0.013,0.009,0.0021,2023-07-05 17:00:00
1.27,0.13,,,0.0932,0.018,0.01,0.0017,2023-07-05 18:00:00
1.27,0.13,,,0.0871,0.015,0.007,0.0016,2023-07-05 19:00:00
1.28,0.2,,,0.0747,0.023,0.009,0.0016,2023-07-05 20:00:00
1.29,0.2,,,0.0674,0.03,0.012,0.0018,2023-07-05 21:00:00
1.3,0.2,,,0.0633,0.019,0.01,0.0019,2023-07-05 22:00:00
1.31,0.23,,,0.0466,0.025,0.013,0.0019,2023-07-05 23:00:00
1.33,0.2,,,0.0456,0.027,0.015,0.0018,2023-07-06 00:00:00
1.33,0.2,,,0.0515,0.024,0.014,0.0019,2023-07-06 01:00:00
1.32,0.2,,,0.0582,0.021,0.013,0.0019,2023-07-06 02:00:00
1.33,0.27,,,0.0546,0.02,0.014,0.0018,2023-07-06 03:00:00
1.32,0.2,,,0.0459,0.021,0.014,0.002,2023-07-06 04:00:00
1.32,0.23,,,0.027,0.022,0.015,0.002,2023-07-06 05:00:00
1.32,0.3,,,0.0237,0.027,0.018,0.0019,2023-07-06 06:00:00
1.33,0.3,,,0.0306,0.032,0.018,0.0019,2023-07-06 07:00:00
1.33,0.3,,,0.0308,0.035,0.019,0.0022,2023-07-06 08:00:00
1.31,0.3,,,0.0559,0.025,0.013,0.0021,2023-07-06 09:00:00
1.29,0.27,,,0.0679,0.005,0.007,0.0021,2023-07-06 10:00:00
,0.03,,,0.0204,0.008,0.005,0.001,2023-07-11 21:00:00
,0.13,,,0.0094,0.009,0.005,0.0007,2023-07-11 22:00:00
,0.1,,,0.0102,0.014,0.008,0.0009,2023-07-11 23:00:00
,0.03,,,0.0164,0.007,0.004,0.0008,2023-07-12 00:00:00
,0.03,,,0.0184,0.007,0.004,0.001,2023-07-12 01:00:00
,0.03,,,0.0136,0.009,0.005,0.0011,2023-07-12 02:00:00
,0.13,,,0.0139,0.008,0.004,0.0007,2023-07-12 03:00:00
,0.1,,,0.013,0.007,0.003,0.0006,2023-07-12 04:00:00
,0.1,,,0.0155,0.007,0.003,0.0008,2023-07-12 05:00:00
,0.1,,,0.0186,0.005,0.002,0.0007,2023-07-12 06:00:00
,0.13,,,0.0171,0.007,0.003,0.0008,2023-07-12 07:00:00
,0.2,,,0.017,0.008,0.004,0.0009,2023-07-12 08:00:00
,0.2,,,0.0187,0.01,0.004,0.0007,2023-07-12 09:00:00
,0.2,,,0.0205,0.013,0.004,0.0004,2023-07-12 10:00:00
,0.2,,,0.0198,0.014,0.005,0.0005,2023-07-12 11:00:00
,0.2,,,0.025,0.015,0.005,0.0005,2023-07-12 12:00:00
,0.2,,,0.0332,0.01,0.003,0.0003,2023-07-12 13:00:00
,0.2,,,0.0388,0.009,0.002,0.0005,2023-07-12 14:00:00
,0.2,,,0.0427,0.011,0.003,0.0005,2023-07-12 15:00:00
,0.17,,,0.0392,0.018,0.007,0.0003,2023-07-12 16:00:00
,0.2,,,0.0422,0.014,0.005,0.0005,2023-07-12 17:00:00
,0.2,,,0.0424,0.012,0.006,0.0007,2023-07-12 18:00:00
,0.2,,,0.0351,0.013,0.006,0.0009,2023-07-12 19:00:00
,0.2,,,0.0361,0.016,0.006,0.0007,2023-07-12 20:00:00
,0.27,,,0.0282,0.015,0.008,0.0007,2023-07-12 21:00:00
,0.3,,,0.0162,0.018,0.01,0.0005,2023-07-12 22:00:00
,0.3,,,0.0154,0.018,0.01,0.0008,2023-07-12 23:00:00
,0.2,,,0.022,0.013,0.008,0.0007,2023-07-13 00:00:00
,0.2,,,0.0226,0.007,0.004,0.0009,2023-07-13 01:00:00
,0.2,,,0.0278,0.007,0.004,0.001,2023-07-13 02:00:00
,0.1,,,0.0261,0.008,0.005,0.0005,2023-07-13 03:00:00
,0.1,,,0.0249,0.011,0.007,0.0005,2023-07-13 04:00:00
,0.1,,,0.0209,0.013,0.007,0.0004,2023-07-13 05:00:00
,0.1,,,0.0164,0.012,0.006,0.0006,2023-07-13 06:00:00
,0.1,,,0.0122,0.014,0.008,0.0007,2023-07-13 07:00:00
,0.1,,,0.0142,0.016,0.008,0.0011,2023-07-13 08:00:00
,0.13,,,0.0185,0.021,0.009,0.0009,2023-07-13 09:00:00
,0.1,,,0.0257,0.013,0.004,0.001,2023-07-13 10:00:00
,0.1,,,0.0247,0.022,0.009,0.0009,2023-07-13 11:00:00
,0.13,,,0.0267,0.026,0.012,0.001,2023-07-13 12:00:00
,0.17,,,0.028,0.026,0.015,0.0008,2023-07-13 13:00:00
,0.2,,,0.0263,0.017,0.01,0.0008,2023-07-13 14:00:00
,0.2,,,0.02,0.016,0.01,0.0006,2023-07-13 15:00:00
,0.2,,,0.0247,0.015,0.009,0.0008,2023-07-13 16:00:00
,0.2,,,0.0187,0.016,0.01,0.0008,2023-07-13 17:00:00
,0.23,,,0.018,0.016,0.01,0.0012,2023-07-13 18:00:00
,0.3,,,0.0167,0.016,0.011,0.0011,2023-07-13 19:00:00
,0.37,,,0.0072,0.016,0.011,0.0009,2023-07-13 20:00:00
,0.3,,,0.0127,0.014,0.01,0.0009,2023-07-13 21:00:00
,0.27,,,0.0105,0.014,0.011,0.0012,2023-07-13 22:00:00
,0.2,,,0.0197,0.012,0.009,0.0013,2023-07-13 23:00:00
,0.2,,,0.0297,0.01,0.008,0.0011,2023-07-14 00:00:00
,0.1,,,0.0404,0.008,0.005,0.001,2023-07-14 01:00:00
,0.17,,,0.0292,0.012,0.009,0.0011,2023-07-14 02:00:00
,0.0,,,0.0326,0.011,0.008,0.0009,2023-07-14 03:00:00
,0.0,,,0.0326,0.013,0.009,0.0014,2023-07-14 04:00:00
,0.0,,,0.0317,0.012,0.008,0.0012,2023-07-14 05:00:00
,0.0,,,0.0303,0.012,0.008,0.0013,2023-07-14 06:00:00
,0.0,,,0.0257,0.012,0.007,0.0011,2023-07-14 07:00:00
,0.0,,,0.0182,0.012,0.007,0.0013,2023-07-14 08:00:00
,0.0,,,0.0179,0.014,0.01,0.0015,2023-07-14 09:00:00
,0.0,,,0.0182,0.011,0.007,0.0015,2023-07-14 10:00:00
,0.03,,,0.0166,0.016,0.008,0.0017,2023-07-14 11:00:00
,0.0,,,0.0127,0.014,0.008,0.0016,2023-07-14 12:00:00
,0.03,,,0.0082,0.015,0.008,0.0018,2023-07-14 13:00:00
,0.0,,,0.0082,0.017,0.008,0.0018,2023-07-14 14:00:00
,0.0,,,0.0099,0.014,0.006,0.0016,2023-07-14 15:00:00
,0.0,,,0.0143,0.016,0.006,0.0015,2023-07-14 16:00:00
,0.0,,,0.0092,0.013,0.006,0.0015,2023-07-14 17:00:00
,0.0,,,0.0065,0.017,0.007,0.0016,2023-07-14 18:00:00
,0.0,,,0.0039,0.02,0.008,0.0018,2023-07-14 19:00:00
,0.0,,,0.0031,0.03,0.014,0.0023,2023-07-14 20:00:00
,0.6,,,0.0014,0.034,0.016,0.0024,2023-07-14 21:00:00
,0.63,,,0.0013,0.026,0.013,0.0028,2023-07-14 22:00:00
,0.77,,,0.0018,0.03,0.014,0.0031,2023-07-14 23:00:00
,0.73,,,0.0009,0.036,0.018,0.003,2023-07-15 00:00:00
,0.5,,,0.0008,0.021,0.013,0.0024,2023-07-15 01:00:00
,0.37,,,0.0009,0.017,0.01,0.0019,2023-07-15 02:00:00
,0.13,,,0.001,0.014,0.009,0.0018,2023-07-15 03:00:00
,0.1,,,0.0032,0.012,0.008,0.0018,2023-07-15 04:00:00
,0.07,,,0.0138,0.009,0.006,0.0015,2023-07-15 05:00:00
,0.0,,,0.0198,0.006,0.004,0.0019,2023-07-15 06:00:00
,0.0,,,0.0154,0.007,0.005,0.0018,2023-07-15 07:00:00
,0.1,,,0.0073,0.008,0.005,0.0017,2023-07-15 08:00:00
,0.1,,,0.008,0.007,0.005,0.0017,2023-07-15 09:00:00
,0.1,,,0.0066,0.007,0.005,0.0015,2023-07-15 10:00:00
,0.1,,,0.008,0.011,0.007,0.0018,2023-07-15 11:00:00
,0.1,,,0.011,0.011,0.006,0.002,2023-07-15 12:00:00
,0.1,,,0.0193,0.011,0.006,0.0019,2023-07-15 13:00:00
,0.13,,,0.025,0.008,0.005,0.0019,2023-07-15 14:00:00
,0.17,,,0.0377,0.006,0.003,0.0016,2023-07-15 15:00:00
,0.2,,,0.0322,0.011,0.004,0.0016,2023-07-15 16:00:00
,0.1,,,0.0557,0.004,0.002,0.0016,2023-07-15 17:00:00
,0.13,,,0.0526,0.011,0.007,0.0015,2023-07-15 18:00:00
,0.2,,,0.0437,0.017,0.009,0.0016,2023-07-15 19:00:00
,0.2,,,0.0399,0.018,0.01,0.0016,2023-07-15 20:00:00
,0.33,,,0.0172,0.022,0.012,0.0017,2023-07-15 21:00:00
,0.33,,,0.0053,0.02,0.011,0.0016,2023-07-15 22:00:00
,0.3,,,0.0159,0.021,0.012,0.0016,2023-07-15 23:00:00
,0.0,,,0.0,0.0,0.0,0.0,2023-07-16 00:00:00
,0.3,,,0.0159,0.021,0.013,0.0016,2023-07-16 00:00:00
,0.33,,,0.0105,0.02,0.012,0.0012,2023-07-16 01:00:00
,0.0,,,0.0,0.0,0.0,0.0,2023-07-16 02:00:00
,0.3,,,0.0077,0.016,0.01,0.0015,2023-07-16 02:00:00
,0.27,,,0.0087,0.015,0.008,0.0011,2023-07-16 03:00:00
,0.0,,,0.0,0.0,0.0,0.0,2023-07-16 04:00:00
,0.2,,,0.0169,0.016,0.009,0.0013,2023-07-16 04:00:00
,0.0,,,0.0,0.0,0.0,0.0,2023-07-16 05:00:00
,0.2,,,0.016,0.014,0.009,0.0011,2023-07-16 05:00:00
,0.0,,,0.0,0.0,0.0,0.0,2023-07-16 06:00:00
,0.2,,,0.0117,0.018,0.011,0.0012,2023-07-16 06:00:00
,0.2,,,0.018,0.015,0.009,0.0011,2023-07-16 07:00:00
,0.2,,,0.0181,0.016,0.01,0.0012,2023-07-16 08:00:00
,0.2,,,0.0211,0.019,0.012,0.0014,2023-07-16 09:00:00
,0.2,,,0.0221,0.02,0.012,0.0011,2023-07-16 10:00:00
,0.2,,,0.0259,0.017,0.009,0.0013,2023-07-16 11:00:00
,0.2,,,0.0319,0.013,0.006,0.0016,2023-07-16 12:00:00
,0.2,,,0.0444,0.012,0.005,0.0014,2023-07-16 13:00:00
,0.17,,,0.0537,0.007,0.003,0.0013,2023-07-16 14:00:00
,0.03,,,0.0587,0.01,0.004,0.0014,2023-07-16 15:00:00
,0.0,,,0.0636,0.01,0.005,0.0013,2023-07-16 16:00:00
,0.0,,,0.0624,0.013,0.007,0.0012,2023-07-16 17:00:00
,0.03,,,0.0611,0.013,0.008,0.0012,2023-07-16 18:00:00
,0.1,,,0.0528,0.019,0.01,0.0011,2023-07-16 19:00:00
,0.1,,,0.051,0.014,0.005,0.001,2023-07-16 20:00:00
,0.1,,,0.0354,0.021,0.011,0.0009,2023-07-16 21:00:00
,0.17,,,0.0226,0.021,0.011,0.0012,2023-07-16 22:00:00
,0.23,,,0.0059,0.025,0.013,0.0014,2023-07-16 23:00:00
,0.3,,,0.0029,0.028,0.014,0.0018,2023-07-17 00:00:00
,0.4,,,0.0018,0.028,0.015,0.0016,2023-07-17 01:00:00
,0.47,,,0.0015,0.034,0.017,0.002,2023-07-17 02:00:00
,0.3,,,0.0013,0.034,0.019,0.0022,2023-07-17 03:00:00
,0.27,,,0.0014,0.029,0.018,0.0019,2023-07-17 04:00:00
,0.2,,,0.0022,0.03,0.02,0.0019,2023-07-17 05:00:00
,0.27,,,0.0029,0.037,0.025,0.0026,2023-07-17 06:00:00
,0.17,,,0.0098,0.032,0.02,0.0022,2023-07-17 07:00:00
,0.13,,,0.0167,0.039,0.023,0.0021,2023-07-17 08:00:00
,0.1,,,0.0254,0.031,0.018,0.002,2023-07-17 09:00:00
,0.0,,,0.0474,0.017,0.009,0.0019,2023-07-17 10:00:00
,0.0,,,0.0607,0.012,0.007,0.0015,2023-07-17 11:00:00
,0.0,,,0.0713,0.007,0.005,0.0016,2023-07-17 12:00:00
,0.0,,,0.0819,0.025,0.014,0.0015,2023-07-17 13:00:00
,0.03,,,0.0918,0.018,0.012,0.0014,2023-07-17 14:00:00
,0.17,,,0.0907,0.012,0.008,0.0013,2023-07-17 15:00:00
,0.1,,,0.0886,0.015,0.009,0.0011,2023-07-17 16:00:00
,0.17,,,0.0778,0.015,0.01,0.0008,2023-07-17 17:00:00
,0.2,,,0.0699,0.016,0.009,0.0013,2023-07-17 18:00:00
,0.2,,,0.0669,0.017,0.01,0.0009,2023-07-17 19:00:00
,0.2,,,0.0458,0.036,0.02,0.0015,2023-07-17 20:00:00
,0.3,,,0.0219,0.03,0.018,0.0013,2023-07-17 21:00:00
,0.3,,,0.0063,0.017,0.009,0.0023,2023-07-17 22:00:00
,0.37,,,0.0034,0.023,0.013,0.0019,2023-07-17 23:00:00
,0.43,,,0.0044,0.026,0.013,0.0015,2023-07-18 00:00:00
,0.5,,,0.0031,0.04,0.021,0.0019,2023-07-18 01:00:00
,0.37,,,0.0032,0.035,0.02,0.0018,2023-07-18 02:00:00
,0.2,,,0.0103,0.019,0.01,0.0018,2023-07-18 03:00:00
,0.1,,,0.0217,0.03,0.019,0.0016,2023-07-18 04:00:00
,0.1,,,0.0177,0.028,0.018,0.0009,2023-07-18 05:00:00
,0.1,,,0.0129,0.029,0.019,0.0009,2023-07-18 06:00:00
,0.1,,,0.0316,0.025,0.016,0.0008,2023-07-18 07:00:00
,0.13,,,0.0377,0.032,0.018,0.0009,2023-07-18 08:00:00
,0.17,,,0.0426,0.03,0.016,0.0008,2023-07-18 09:00:00
,0.2,,,0.0475,0.036,0.017,0.001,2023-07-18 10:00:00
,0.2,,,0.0627,0.034,0.016,0.0009,2023-07-18 11:00:00
,0.1,,,0.0836,0.035,0.016,0.0008,2023-07-18 12:00:00
,0.1,,,0.1042,0.034,0.017,0.0009,2023-07-18 13:00:00
,0.1,,,0.1089,0.028,0.015,0.0011,2023-07-18 14:00:00
,0.17,,,0.0692,0.039,0.023,0.0008,2023-07-18 15:00:00
,0.2,,,0.0437,0.02,0.012,0.0005,2023-07-18 16:00:00
,0.2,,,0.0382,0.025,0.016,0.0007,2023-07-18 17:00:00
,0.23,,,0.0248,0.02,0.011,0.0007,2023-07-18 18:00:00
,0.3,,,0.0182,0.019,0.008,0.0005,2023-07-18 19:00:00
,0.27,,,0.0313,0.007,0.003,0.0004,2023-07-18 20:00:00
,0.13,,,0.0424,0.008,0.004,0.0005,2023-07-18 21:00:00
,0.2,,,0.0355,0.005,0.003,0.0006,2023-07-18 22:00:00
,0.1,,,0.0472,0.005,0.003,0.0002,2023-07-18 23:00:00
,0.1,,,0.0538,0.0,0.0,0.0003,2023-07-19 00:00:00
,0.07,,,0.0578,0.0,0.0,0.0004,2023-07-19 01:00:00
,0.1,,,0.0589,0.0,0.0,0.0004,2023-07-19 02:00:00
,0.0,,,0.0554,0.0,0.0,0.0004,2023-07-19 03:00:00
,0.0,,,0.048,0.002,0.0,0.0005,2023-07-19 04:00:00
,0.0,,,0.0463,0.006,0.003,0.0006,2023-07-19 05:00:00
,0.0,,,0.0607,0.003,0.001,0.0007,2023-07-19 06:00:00
,0.0,,,0.0562,0.006,0.003,0.0007,2023-07-19 07:00:00
,0.0,,,0.048,0.005,0.004,0.0011,2023-07-19 08:00:00
,0.03,,,0.0436,0.007,0.005,0.001,2023-07-19 09:00:00
,0.1,,,0.0374,0.006,0.004,0.001,2023-07-19 10:00:00
,0.07,,,0.0347,0.012,0.008,0.0012,2023-07-19 11:00:00
,0.1,,,0.0351,0.015,0.01,0.001,2023-07-19 12:00:00
,0.03,,,0.0389,0.01,0.005,0.001,2023-07-19 13:00:00
,0.0,,,0.0418,0.008,0.002,0.0011,2023-07-19 14:00:00
,0.0,,,0.0412,0.012,0.003,0.0013,2023-07-19 15:00:00
,0.0,,,0.0433,0.012,0.003,0.0013,2023-07-19 16:00:00
,0.0,,,0.0443,0.013,0.004,0.0009,2023-07-19 17:00:00
,0.0,,,0.0456,0.01,0.003,0.0011,2023-07-19 18:00:00
,0.0,,,0.0462,0.01,0.002,0.0009,2023-07-19 19:00:00
,0.0,,,0.0421,0.012,0.004,0.001,2023-07-19 20:00:00
,0.0,,,0.0381,0.016,0.007,0.0008,2023-07-19 21:00:00
,0.0,,,0.0418,0.013,0.005,0.0009,2023-07-19 22:00:00
,0.0,,,0.0386,0.015,0.007,0.0009,2023-07-19 23:00:00
,0.0,,,0.0375,0.011,0.005,0.0009,2023-07-20 00:00:00
,0.0,,,0.0378,0.01,0.005,0.0008,2023-07-20 01:00:00
,0.03,,,0.0381,0.01,0.005,0.0009,2023-07-20 02:00:00
,0.03,,,0.0369,0.01,0.005,0.0011,2023-07-20 03:00:00
,0.0,,,0.0364,0.009,0.004,0.0009,2023-07-20 04:00:00
,0.0,,,0.0339,0.01,0.005,0.0009,2023-07-20 05:00:00
,0.0,,,0.0319,0.011,0.005,0.0012,2023-07-20 06:00:00
,0.03,,,0.0321,0.013,0.006,0.001,2023-07-20 07:00:00
,0.1,,,0.0313,0.015,0.007,0.0013,2023-07-20 08:00:00
,0.1,,,0.036,0.015,0.006,0.0012,2023-07-20 09:00:00
,0.1,,,0.0435,0.01,0.004,0.0012,2023-07-20 10:00:00
,0.0,,,0.0538,0.008,0.003,0.001,2023-07-20 11:00:00
,0.07,,,0.0543,0.012,0.005,0.0009,2023-07-20 12:00:00
,0.0,,,0.0564,0.015,0.007,0.0008,2023-07-20 13:00:00
,0.13,,,0.0429,0.025,0.015,0.0009,2023-07-20 14:00:00
,0.13,,,0.0433,0.023,0.013,0.0011,2023-07-20 15:00:00
,0.1,,,0.0469,0.003,0.001,0.0008,2023-07-20 16:00:00
,0.1,,,0.045,0.011,0.005,0.001,2023-07-20 17:00:00
,0.1,,,0.0476,0.011,0.004,0.001,2023-07-20 18:00:00
,0.1,,,0.049,0.003,0.001,0.0008,2023-07-20 19:00:00
,0.13,,,0.0392,0.014,0.006,0.0007,2023-07-20 20:00:00
,0.2,,,0.0213,0.018,0.008,0.0008,2023-07-20 21:00:00
,0.17,,,0.0268,0.014,0.004,0.0012,2023-07-20 22:00:00
,0.2,,,0.0254,0.016,0.006,0.001,2023-07-20 23:00:00
,0.13,,,0.0249,0.019,0.008,0.0011,2023-07-21 00:00:00
,0.1,,,0.0185,0.02,0.009,0.0009,2023-07-21 01:00:00
,0.13,,,0.0246,0.017,0.009,0.0008,2023-07-21 02:00:00
,0.13,,,0.031,0.015,0.008,0.0009,2023-07-21 03:00:00
,0.17,,,0.023,0.016,0.008,0.0008,2023-07-21 04:00:00
,0.1,,,0.0262,0.014,0.008,0.0008,2023-07-21 05:00:00
,0.13,,,0.0181,0.017,0.009,0.0011,2023-07-21 06:00:00
,0.2,,,0.0126,0.019,0.011,0.001,2023-07-21 07:00:00
,0.2,,,0.0164,0.022,0.012,0.0009,2023-07-21 08:00:00
,0.2,,,0.0232,0.024,0.012,0.0014,2023-07-21 09:00:00
,0.2,,,0.0293,0.021,0.008,0.0013,2023-07-21 10:00:00
,0.13,,,0.0472,0.01,0.003,0.0012,2023-07-21 11:00:00
,0.1,,,0.0582,0.006,0.003,0.0011,2023-07-21 12:00:00
,0.1,,,0.0675,0.006,0.002,0.0009,2023-07-21 13:00:00
,0.1,,,0.0658,0.013,0.007,0.0008,2023-07-21 14:00:00
,0.07,,,0.0527,0.028,0.016,0.001,2023-07-21 15:00:00
,0.0,,,0.0605,0.004,0.001,0.0007,2023-07-21 16:00:00
,0.0,,,0.06,0.007,0.002,0.001,2023-07-21 17:00:00
,0.0,,,0.0589,0.007,0.003,0.0008,2023-07-21 18:00:00
,0.03,,,0.053,0.019,0.008,0.0009,2023-07-21 19:00:00
,0.1,,,0.0455,0.016,0.007,0.0009,2023-07-21 20:00:00
,0.13,,,0.0256,0.016,0.007,0.0008,2023-07-21 21:00:00
,0.17,,,0.0234,0.019,0.007,0.0008,2023-07-21 22:00:00
,0.1,,,0.0343,0.016,0.006,0.0009,2023-07-21 23:00:00
,0.1,,,0.0335,0.018,0.008,0.0009,2023-07-22 00:00:00
,0.1,,,0.0335,0.021,0.01,0.001,2023-07-22 01:00:00
,0.1,,,0.036,0.017,0.009,0.0009,2023-07-22 02:00:00
,0.0,,,0.0392,0.013,0.007,0.0011,2023-07-22 03:00:00
,0.0,,,0.0408,0.013,0.006,0.0011,2023-07-22 04:00:00
,0.0,,,0.0402,0.013,0.007,0.0011,2023-07-22 05:00:00
,0.0,,,0.0345,0.014,0.007,0.0012,2023-07-22 06:00:00
,0.0,,,0.0346,0.014,0.007,0.0009,2023-07-22 07:00:00
,0.0,,,0.0377,0.02,0.008,0.0015,2023-07-22 08:00:00
,0.0,,,0.0432,0.016,0.007,0.0012,2023-07-22 09:00:00
,0.0,,,0.0538,0.012,0.005,0.0011,2023-07-22 10:00:00
,0.0,,,0.0603,0.009,0.003,0.001,2023-07-22 11:00:00
,0.0,,,0.0624,0.01,0.005,0.0011,2023-07-22 12:00:00
,0.0,,,0.0603,0.012,0.003,0.0009,2023-07-22 13:00:00
,0.03,,,0.0645,0.008,0.003,0.001,2023-07-22 14:00:00
,0.1,,,0.062,0.01,0.004,0.001,2023-07-22 15:00:00
,0.1,,,0.0644,0.014,0.005,0.001,2023-07-22 16:00:00
,0.1,,,0.0694,0.013,0.005,0.0011,2023-07-22 17:00:00
,0.1,,,0.0654,0.017,0.008,0.0009,2023-07-22 18:00:00
,0.1,,,0.0603,0.017,0.008,0.001,2023-07-22 19:00:00
,0.13,,,0.0381,0.04,0.021,0.001,2023-07-22 20:00:00
,0.2,,,0.0259,0.018,0.006,0.0007,2023-07-22 21:00:00
,0.2,,,0.0182,0.017,0.008,0.0008,2023-07-22 22:00:00
,0.2,,,0.0094,0.02,0.01,0.001,2023-07-22 23:00:00
,0.4,,,0.0024,0.023,0.01,0.0015,2023-07-23 00:00:00
,0.3,,,0.0031,0.025,0.011,0.0011,2023-07-23 01:00:00
,0.0,,,0.0,0.0,0.0,0.0,2023-07-23 02:00:00
,0.27,,,0.0086,0.026,0.014,0.0011,2023-07-23 02:00:00
,0.4,,,0.0067,0.022,0.012,0.0012,2023-07-23 03:00:00
,0.0,,,0.0,0.0,0.0,0.0,2023-07-23 04:00:00
,0.37,,,0.0058,0.02,0.011,0.0015,2023-07-23 04:00:00
,0.3,,,0.0105,0.017,0.01,0.0015,2023-07-23 05:00:00
,0.0,,,0.0,0.0,0.0,0.0,2023-07-23 06:00:00
,0.3,,,0.016,0.019,0.011,0.0012,2023-07-23 06:00:00
,0.3,,,0.0183,0.019,0.011,0.0015,2023-07-23 07:00:00
,0.0,,,0.0,0.0,0.0,0.0,2023-07-23 08:00:00
,0.0,,,0.0,0.0,0.0,0.0,2023-07-23 09:00:00
,0.0,,,0.0,0.0,0.0,0.0,2023-07-23 10:00:00
,0.0,,,0.0,0.0,0.0,0.0,2023-07-23 11:00:00
,0.0,,,0.0,0.0,0.0,0.0,2023-07-23 12:00:00
,0.0,,,0.0,0.0,0.0,0.0,2023-07-23 13:00:00
,0.0,,,0.0,0.0,0.0,0.0,2023-07-23 14:00:00
,0.2,,,0.0741,0.011,0.007,0.0014,2023-07-23 15:00:00
,0.2,,,0.0674,0.016,0.01,0.0013,2023-07-23 16:00:00
,0.2,,,0.0675,0.006,0.005,0.0013,2023-07-23 17:00:00
,0.2,,,0.0602,0.009,0.004,0.0013,2023-07-23 18:00:00
,0.2,,,0.0566,0.008,0.004,0.0015,2023-07-23 19:00:00
,0.2,,,0.0498,0.013,0.007,0.0013,2023-07-23 20:00:00
,0.2,,,0.0498,0.016,0.008,0.0011,2023-07-23 21:00:00
,0.17,,,0.0579,0.007,0.003,0.0012,2023-07-23 22:00:00
,0.27,,,0.0274,0.014,0.008,0.0012,2023-07-23 23:00:00
,0.3,,,0.0155,0.019,0.012,0.0011,2023-07-24 00:00:00
,0.2,,,0.0277,0.007,0.004,0.0012,2023-07-24 01:00:00
,0.2,,,0.0264,0.011,0.006,0.0014,2023-07-24 02:00:00
,0.2,,,0.0281,0.009,0.005,0.0015,2023-07-24 03:00:00
,0.2,,,0.0244,0.009,0.005,0.0011,2023-07-24 04:00:00
,0.2,,,0.0233,0.01,0.005,0.0012,2023-07-24 05:00:00
,0.17,,,0.0236,0.012,0.007,0.0013,2023-07-24 06:00:00
,0.2,,,0.0227,0.014,0.009,0.0015,2023-07-24 07:00:00
,0.2,,,0.0236,0.016,0.007,0.0014,2023-07-24 08:00:00
,0.2,,,0.0245,0.017,0.008,0.0014,2023-07-24 09:00:00
,0.17,,,0.0355,0.015,0.006,0.0013,2023-07-24 10:00:00
,0.17,,,0.035,0.021,0.01,0.0015,2023-07-24 11:00:00
,0.2,,,0.0368,0.012,0.006,0.0013,2023-07-24 12:00:00
,0.2,,,0.0392,0.017,0.009,0.0013,2023-07-24 13:00:00
,0.17,,,0.0502,0.01,0.006,0.0011,2023-07-24 14:00:00
,0.1,,,0.047,0.014,0.009,0.001,2023-07-24 15:00:00
,0.1,,,0.0468,0.015,0.009,0.0012,2023-07-24 16:00:00
,0.1,,,0.0445,0.011,0.007,0.001,2023-07-24 17:00:00
,0.1,,,0.0405,0.016,0.009,0.0012,2023-07-24 18:00:00
,0.1,,,0.0313,0.018,0.01,0.0013,2023-07-24 19:00:00
,0.1,,,0.0321,0.017,0.01,0.0012,2023-07-24 20:00:00
,0.13,,,0.0257,0.02,0.012,0.0013,2023-07-24 21:00:00
,0.13,,,0.0217,0.015,0.009,0.0014,2023-07-24 22:00:00
,0.17,,,0.0158,0.017,0.009,0.0012,2023-07-24 23:00:00
,0.2,,,0.0029,0.018,0.01,0.0015,2023-07-25 00:00:00
,0.2,,,0.0055,0.015,0.009,0.0013,2023-07-25 01:00:00
,0.2,,,0.0063,0.015,0.009,0.0013,2023-07-25 02:00:00
,0.3,,,0.0102,0.018,0.011,0.0012,2023-07-25 03:00:00
,0.3,,,0.0125,0.018,0.012,0.0014,2023-07-25 04:00:00
,0.27,,,0.0168,0.015,0.01,0.0013,2023-07-25 05:00:00
,0.27,,,0.0182,0.015,0.011,0.0012,2023-07-25 06:00:00
,0.3,,,0.0187,0.015,0.01,0.0014,2023-07-25 07:00:00
,0.3,,,0.0228,0.022,0.016,0.0013,2023-07-25 08:00:00
0.0,0.0,0.0,0.0,0.0,0.0,0.0,0.0,2023-07-23 10:00:00
0.0,0.0,0.0,0.0,0.0,0.0,0.0,0.0,2023-07-23 11:00:00
0.0,0.0,0.0,0.0,0.0,0.0,0.0,0.0,2023-07-23 12:00:00
0.0,0.0,0.0,0.0,0.0,0.0,0.0,0.0,2023-07-23 13:00:00
0.0,0.0,0.0,0.0,0.0,0.0,0.0,0.0,2023-07-23 14:00:00
1.39,0.2,0.002,0.012,0.0741,0.011,0.007,0.0014,2023-07-23 15:00:00
1.38,0.2,0.001,0.013,0.0674,0.016,0.01,0.0013,2023-07-23 16:00:00
1.38,0.2,0.001,0.012,0.0675,0.006,0.005,0.0013,2023-07-23 17:00:00
1.38,0.2,0.001,0.015,0.0602,0.009,0.004,0.0013,2023-07-23 18:00:00
1.39,0.2,0.001,0.02,0.0566,0.008,0.004,0.0015,2023-07-23 19:00:00
1.39,0.2,0.002,0.027,0.0498,0.013,0.007,0.0013,2023-07-23 20:00:00
1.39,0.2,0.001,0.028,0.0498,0.016,0.008,0.0011,2023-07-23 21:00:00
1.37,0.17,0.0,0.018,0.0579,0.007,0.003,0.0012,2023-07-23 22:00:00
1.39,0.27,0.0,0.035,0.0274,0.014,0.008,0.0012,2023-07-23 23:00:00
1.41,0.3,0.001,0.047,0.0155,0.019,0.012,0.0011,2023-07-24 00:00:00
1.4,0.2,0.001,0.036,0.0277,0.007,0.004,0.0012,2023-07-24 01:00:00
1.42,0.2,0.0,0.033,0.0264,0.011,0.006,0.0014,2023-07-24 02:00:00
1.41,0.2,0.0,0.028,0.0281,0.009,0.005,0.0015,2023-07-24 03:00:00
1.41,0.2,0.0,0.027,0.0244,0.009,0.005,0.0011,2023-07-24 04:00:00
1.42,0.2,0.0,0.022,0.0233,0.01,0.005,0.0012,2023-07-24 05:00:00
1.42,0.17,0.002,0.022,0.0236,0.012,0.007,0.0013,2023-07-24 06:00:00
1.43,0.2,0.005,0.023,0.0227,0.014,0.009,0.0015,2023-07-24 07:00:00
1.43,0.2,0.009,0.027,0.0236,0.016,0.007,0.0014,2023-07-24 08:00:00
1.42,0.2,0.009,0.031,0.0245,0.017,0.008,0.0014,2023-07-24 09:00:00
1.4,0.17,0.006,0.027,0.0355,0.015,0.006,0.0013,2023-07-24 10:00:00
1.39,0.17,0.006,0.026,0.035,0.021,0.01,0.0015,2023-07-24 11:00:00
1.39,0.2,0.005,0.028,0.0368,0.012,0.006,0.0013,2023-07-24 12:00:00
1.41,0.2,0.005,0.026,0.0392,0.017,0.009,0.0013,2023-07-24 13:00:00
1.39,0.17,0.002,0.021,0.0502,0.01,0.006,0.0011,2023-07-24 14:00:00
1.4,0.1,0.002,0.021,0.047,0.014,0.009,0.001,2023-07-24 15:00:00
1.41,0.1,0.002,0.021,0.0468,0.015,0.009,0.0012,2023-07-24 16:00:00
1.39,0.1,0.003,0.024,0.0445,0.011,0.007,0.001,2023-07-24 17:00:00
1.4,0.1,0.003,0.025,0.0405,0.016,0.009,0.0012,2023-07-24 18:00:00
1.41,0.1,0.002,0.029,0.0313,0.018,0.01,0.0013,2023-07-24 19:00:00
1.4,0.1,0.003,0.031,0.0321,0.017,0.01,0.0012,2023-07-24 20:00:00
1.39,0.13,0.001,0.033,0.0257,0.02,0.012,0.0013,2023-07-24 21:00:00
1.4,0.13,0.001,0.035,0.0217,0.015,0.009,0.0014,2023-07-24 22:00:00
1.4,0.17,0.001,0.038,0.0158,0.017,0.009,0.0012,2023-07-24 23:00:00
1.44,0.2,0.006,0.052,0.0029,0.018,0.01,0.0015,2023-07-25 00:00:00
1.45,0.2,0.003,0.048,0.0055,0.015,0.009,0.0013,2023-07-25 01:00:00
1.45,0.2,0.002,0.044,0.0063,0.015,0.009,0.0013,2023-07-25 02:00:00
1.48,0.3,0.0,0.037,0.0102,0.018,0.011,0.0012,2023-07-25 03:00:00
1.47,0.3,0.0,0.033,0.0125,0.018,0.012,0.0014,2023-07-25 04:00:00
1.44,0.27,0.001,0.038,0.0168,0.015,0.01,0.0013,2023-07-25 05:00:00
1.46,0.27,0.001,0.03,0.0182,0.015,0.011,0.0012,2023-07-25 06:00:00
1.45,0.3,0.002,0.027,0.0187,0.015,0.01,0.0014,2023-07-25 07:00:00
1.47,0.3,0.007,0.026,0.0228,0.022,0.016,0.0013,2023-07-25 08:00:00
1.48,0.37,0.014,0.034,0.0177,0.023,0.016,0.0015,2023-07-25 09:00:00
1.44,0.3,0.01,0.029,0.0281,0.02,0.012,0.0014,2023-07-25 10:00:00
1.43,0.3,0.01,0.028,0.033,0.016,0.01,0.0017,2023-07-25 11:00:00
1.41,0.3,0.006,0.023,0.0431,0.016,0.009,0.0016,2023-07-25 12:00:00
1.41,0.3,0.004,0.022,0.0571,0.017,0.008,0.0017,2023-07-25 13:00:00
1.4,0.27,0.003,0.022,0.0654,0.019,0.01,0.0015,2023-07-25 14:00:00
1.37,0.17,0.0,0.018,0.0579,0.007,0.0,0.0012,2023-07-23 22:00:00
1.39,0.4,0.002,0.016,0.081,0.017,0.011,0.0015,2023-07-25 15:00:00
1.38,0.3,0.001,0.012,0.0854,0.021,0.012,0.0009,2023-07-25 16:00:00
1.38,0.33,0.001,0.011,0.0847,0.013,0.01,0.0012,2023-07-25 17:00:00
1.38,0.33,0.001,0.013,0.0784,0.018,0.011,0.0013,2023-07-25 18:00:00
1.4,0.4,0.001,0.026,0.0655,0.028,0.016,0.0012,2023-07-25 19:00:00
1.4,0.4,0.0,0.037,0.051,0.032,0.018,0.0011,2023-07-25 20:00:00
1.4,0.5,0.0,0.054,0.0335,0.032,0.017,0.0011,2023-07-25 21:00:00
1.41,0.5,0.0,0.054,0.0294,0.032,0.018,0.001,2023-07-25 22:00:00
1.42,0.53,0.0,0.058,0.0149,0.034,0.022,0.0007,2023-07-25 23:00:00
1.43,0.57,0.002,0.064,0.0062,0.024,0.018,0.0008,2023-07-26 00:00:00
1.42,0.47,0.0,0.05,0.0202,0.014,0.011,0.0007,2023-07-26 01:00:00
1.42,0.37,0.0,0.024,0.0414,0.01,0.006,0.0007,2023-07-26 02:00:00
1.42,0.4,0.0,0.018,0.037,0.014,0.009,0.0006,2023-07-26 03:00:00
1.43,0.4,0.0,0.017,0.032,0.017,0.011,0.0006,2023-07-26 04:00:00
1.43,0.4,0.0,0.029,0.0297,0.02,0.013,0.0007,2023-07-26 05:00:00
1.42,0.4,0.0,0.022,0.0374,0.018,0.012,0.0005,2023-07-26 06:00:00
1.42,0.4,0.002,0.019,0.0428,0.02,0.014,0.0006,2023-07-26 07:00:00
0.0,0.0,0.0,0.0,0.0,0.0,0.0,0.0,2023-07-26 08:00:00
0.0,0.0,0.0,0.0,0.0,0.0,0.0,0.0,2023-07-26 09:00:00
0.0,0.0,0.0,0.0,0.0,0.0,0.0,0.0,2023-07-26 10:00:00
0.0,0.0,0.0,0.0,0.0,0.0,0.0,0.0,2023-07-26 11:00:00
1.4,0.23,0.003,0.033,0.0578,0.035,0.02,0.0009,2023-07-26 12:00:00
1.4,0.2,0.001,0.033,0.0525,0.04,0.018,0.0007,2023-07-26 13:00:00
1.42,0.27,0.003,0.05,0.0219,0.044,0.025,0.0009,2023-07-26 14:00:00
1.43,0.3,0.004,0.065,0.0198,0.029,0.019,0.0007,2023-07-26 15:00:00
1.41,0.2,0.003,0.032,0.0512,0.017,0.014,0.0009,2023-07-26 16:00:00
1.42,0.13,0.003,0.026,0.0475,0.034,0.019,0.0011,2023-07-26 17:00:00
1.4,0.1,0.002,0.017,0.0513,0.038,0.021,0.0007,2023-07-26 18:00:00
1.4,0.13,0.001,0.019,0.0439,0.036,0.022,0.0008,2023-07-26 19:00:00
1.41,0.23,0.001,0.036,0.022,0.048,0.026,0.0006,2023-07-26 20:00:00
1.41,0.23,0.001,0.038,0.0309,0.012,0.01,0.0007,2023-07-26 21:00:00
1.42,0.23,0.001,0.037,0.0246,0.012,0.009,0.0009,2023-07-26 22:00:00
1.4,0.17,0.0,0.024,0.0321,0.001,0.001,0.0008,2023-07-26 23:00:00
1.4,0.17,0.0,0.02,0.0313,0.007,0.003,0.0009,2023-07-27 00:00:00
1.4,0.2,0.0,0.025,0.0236,0.014,0.009,0.0009,2023-07-27 01:00:00
1.41,0.1,0.0,0.019,0.0245,0.01,0.006,0.0009,2023-07-27 02:00:00
1.42,0.0,0.0,0.016,0.0235,0.01,0.005,0.0008,2023-07-27 03:00:00
1.4,0.0,0.0,0.013,0.024,0.013,0.008,0.0009,2023-07-27 04:00:00
1.39,0.0,0.0,0.014,0.0254,0.012,0.008,0.001,2023-07-27 05:00:00
1.4,0.0,0.0,0.014,0.0255,0.014,0.009,0.0008,2023-07-27 06:00:00
1.39,0.0,0.001,0.016,0.0244,0.013,0.01,0.0008,2023-07-27 07:00:00
1.39,0.03,0.006,0.027,0.0164,0.021,0.013,0.0009,2023-07-27 08:00:00
1.43,0.17,0.021,0.043,0.0121,0.022,0.012,0.0015,2023-07-27 09:00:00
1.43,0.1,0.014,0.035,0.0246,0.012,0.006,0.0014,2023-07-27 10:00:00
1.4,0.17,0.0,0.024,0.0321,0.0,0.0,0.0008,2023-07-26 23:00:00
1.4,0.17,0.0,0.02,0.0313,0.0,0.0,0.0009,2023-07-27 00:00:00
1.41,0.1,0.016,0.045,0.0311,0.011,0.004,0.0021,2023-07-27 11:00:00
1.43,0.1,0.011,0.04,0.0413,0.013,0.005,0.0027,2023-07-27 12:00:00
1.39,0.07,0.005,0.032,0.0555,0.018,0.009,0.0021,2023-07-27 13:00:00
1.41,0.03,0.005,0.033,0.0573,0.018,0.008,0.002,2023-07-27 14:00:00
1.41,0.2,0.003,0.037,0.0585,0.023,0.012,0.0029,2023-07-27 15:00:00
1.43,0.13,0.003,0.03,0.0776,0.027,0.012,0.0031,2023-07-27 16:00:00
1.4,0.1,0.002,0.027,0.0805,0.031,0.016,0.0027,2023-07-27 17:00:00
1.39,0.13,0.001,0.026,0.0799,0.026,0.014,0.0019,2023-07-27 18:00:00
1.42,0.13,0.001,0.028,0.0658,0.033,0.017,0.0015,2023-07-27 19:00:00
1.48,0.2,0.001,0.044,0.0522,0.045,0.019,0.0015,2023-07-27 20:00:00
1.54,0.2,0.0,0.041,0.0479,0.034,0.016,0.0014,2023-07-27 21:00:00
1.57,0.2,0.0,0.041,0.0375,0.033,0.017,0.0012,2023-07-27 22:00:00
1.45,0.2,0.0,0.039,0.0367,0.036,0.02,0.0009,2023-07-27 23:00:00
1.45,0.2,0.0,0.044,0.0201,0.045,0.027,0.0011,2023-07-28 00:00:00
1.42,0.17,0.0,0.027,0.0547,0.024,0.015,0.0012,2023-07-28 01:00:00
1.42,0.13,0.0,0.021,0.0507,0.024,0.015,0.001,2023-07-28 02:00:00
1.42,0.37,0.0,0.019,0.0445,0.025,0.017,0.0011,2023-07-28 03:00:00
1.43,0.3,0.0,0.023,0.0469,0.024,0.016,0.001,2023-07-28 04:00:00
1.44,0.3,0.001,0.025,0.047,0.02,0.013,0.0009,2023-07-28 05:00:00
1.44,0.3,0.0,0.024,0.0431,0.023,0.016,0.0011,2023-07-28 06:00:00
1.42,0.3,0.0,0.02,0.0461,0.025,0.017,0.0011,2023-07-28 07:00:00
1.43,0.33,0.001,0.024,0.0299,0.021,0.012,0.0009,2023-07-28 08:00:00
1.46,0.47,0.01,0.048,0.0219,0.03,0.024,0.0012,2023-07-28 09:00:00
1.41,0.4,0.005,0.048,0.0329,0.015,0.01,0.0011,2023-07-28 10:00:00
1.4,0.4,0.004,0.04,0.0349,0.019,0.011,0.0008,2023-07-28 11:00:00
1.39,0.4,0.006,0.031,0.0513,0.02,0.013,0.001,2023-07-28 12:00:00
1.42,0.33,0.002,0.025,0.049,0.012,0.011,0.0009,2023-07-28 13:00:00
1.42,0.37,0.002,0.028,0.0413,0.017,0.012,0.001,2023-07-28 14:00:00
1.4,0.27,0.005,0.039,0.0317,0.013,0.01,0.0011,2023-07-28 15:00:00
1.39,0.23,0.005,0.036,0.0282,0.007,0.005,0.0008,2023-07-28 16:00:00
1.39,0.3,0.006,0.044,0.0142,0.006,0.003,0.0013,2023-07-28 17:00:00
1.39,0.3,0.007,0.037,0.0149,0.011,0.006,0.0011,2023-07-28 18:00:00
1.4,0.37,0.011,0.042,0.0075,0.013,0.006,0.0011,2023-07-28 19:00:00
1.39,0.23,0.003,0.031,0.0196,0.002,0.001,0.0009,2023-07-28 20:00:00
0.0,0.0,0.0,0.0,0.0,0.0,0.0,0.0,2023-07-28 21:00:00
1.39,0.23,0.003,0.031,0.0162,0.005,0.001,0.0012,2023-07-28 21:00:00
1.39,0.3,0.002,0.037,0.0116,0.009,0.003,0.0011,2023-07-28 22:00:00
1.39,0.2,0.0,0.025,0.0242,0.003,0.001,0.001,2023-07-28 23:00:00
1.39,0.2,0.0,0.026,0.0219,0.005,0.002,0.0012,2023-07-29 00:00:00
0.0,0.0,0.0,0.0,0.0,0.0,0.0,0.0,2023-07-29 01:00:00
1.41,0.2,0.0,0.03,0.0227,0.005,0.003,0.0011,2023-07-29 01:00:00
1.4,0.17,0.0,0.023,0.0293,0.003,0.001,0.001,2023-07-29 02:00:00
1.39,0.0,0.0,0.021,0.0276,0.007,0.002,0.0013,2023-07-29 03:00:00
1.39,0.0,0.0,0.022,0.0254,0.007,0.003,0.001,2023-07-29 04:00:00
1.41,0.0,0.0,0.021,0.0314,0.004,0.001,0.0008,2023-07-29 05:00:00
1.4,0.0,0.0,0.018,0.033,0.009,0.005,0.001,2023-07-29 06:00:00
1.41,0.0,0.0,0.022,0.0275,0.009,0.005,0.0009,2023-07-29 07:00:00
1.4,0.0,0.001,0.023,0.0298,0.006,0.004,0.001,2023-07-29 08:00:00
1.4,0.0,0.002,0.025,0.0261,0.009,0.005,0.001,2023-07-29 09:00:00
1.4,0.0,0.005,0.029,0.0221,0.012,0.007,0.001,2023-07-29 10:00:00
1.41,0.1,0.006,0.035,0.0184,0.013,0.008,0.001,2023-07-29 11:00:00
1.39,0.1,0.005,0.028,0.0309,0.01,0.007,0.0009,2023-07-29 12:00:00
1.4,0.1,0.004,0.036,0.0255,0.01,0.006,0.0007,2023-07-29 13:00:00
1.4,0.1,0.007,0.041,0.0222,0.015,0.01,0.0007,2023-07-29 14:00:00
1.4,0.1,0.004,0.031,0.031,0.012,0.008,0.0008,2023-07-29 15:00:00
1.39,0.1,0.003,0.029,0.0293,0.009,0.005,0.0006,2023-07-29 16:00:00
1.38,0.1,0.003,0.026,0.0353,0.005,0.002,0.0005,2023-07-29 17:00:00
1.38,0.1,0.003,0.028,0.0283,0.013,0.006,0.0008,2023-07-29 18:00:00
1.38,0.1,0.004,0.031,0.0239,0.017,0.008,0.0007,2023-07-29 19:00:00
1.38,0.17,0.007,0.039,0.0156,0.017,0.008,0.0008,2023-07-29 20:00:00
1.4,0.2,0.008,0.036,0.0027,0.022,0.011,0.0008,2023-07-29 21:00:00
1.4,0.27,0.01,0.033,0.0016,0.013,0.006,0.0011,2023-07-29 22:00:00
1.41,0.3,0.021,0.037,0.0016,0.016,0.008,0.0012,2023-07-29 23:00:00
0.0,0.0,0.0,0.0,0.0,0.0,0.0,0.0,2023-07-30 00:00:00
1.43,0.43,0.042,0.038,0.0022,0.019,0.01,0.0016,2023-07-30 00:00:00
0.0,0.0,0.0,0.0,0.0,0.0,0.0,0.0,2023-07-30 01:00:00
1.44,0.5,0.058,0.033,0.002,0.022,0.013,0.0022,2023-07-30 01:00:00
0.0,0.0,0.0,0.0,0.0,0.0,0.0,0.0,2023-07-30 02:00:00
1.45,0.6,0.069,0.04,0.002,0.027,0.015,0.0021,2023-07-30 02:00:00
0.0,0.0,0.0,0.0,0.0,0.0,0.0,0.0,2023-07-30 03:00:00
1.45,0.73,0.093,0.044,0.0017,0.027,0.014,0.0028,2023-07-30 03:00:00
0.0,0.0,0.0,0.0,0.0,0.0,0.0,0.0,2023-07-30 04:00:00
1.46,0.4,0.043,0.04,0.0014,0.022,0.013,0.0019,2023-07-30 04:00:00
0.0,0.0,0.0,0.0,0.0,0.0,0.0,0.0,2023-07-30 05:00:00
1.45,0.3,0.025,0.041,0.0017,0.02,0.012,0.0012,2023-07-30 05:00:00
0.0,0.0,0.0,0.0,0.0,0.0,0.0,0.0,2023-07-30 06:00:00
1.48,0.23,0.016,0.039,0.0042,0.022,0.014,0.0011,2023-07-30 06:00:00
1.49,0.13,0.006,0.025,0.0177,0.033,0.021,0.0009,2023-07-30 07:00:00
1.46,0.1,0.004,0.021,0.0255,0.008,0.012,0.0007,2023-07-30 08:00:00
1.44,0.1,0.003,0.018,0.0286,0.015,0.009,0.0009,2023-07-30 09:00:00
1.44,0.07,0.005,0.018,0.0312,0.022,0.01,0.001,2023-07-30 10:00:00
1.42,0.03,0.003,0.012,0.0498,0.008,0.003,0.0008,2023-07-30 11:00:00
1.41,0.0,0.001,0.009,0.0611,0.006,0.003,0.0008,2023-07-30 12:00:00
1.39,0.07,0.001,0.011,0.0643,0.012,0.005,0.001,2023-07-30 13:00:00
1.38,0.1,0.001,0.01,0.0703,0.009,0.004,0.0008,2023-07-30 14:00:00
1.38,0.2,0.001,0.01,0.0751,0.009,0.005,0.0009,2023-07-30 15:00:00
1.36,0.2,0.001,0.009,0.0778,0.007,0.003,0.0006,2023-07-30 16:00:00
1.36,0.2,0.001,0.01,0.0744,0.005,0.006,0.0007,2023-07-30 17:00:00
1.36,0.2,0.001,0.011,0.069,0.01,0.002,0.0006,2023-07-30 18:00:00
1.35,0.13,0.0,0.011,0.0645,0.004,0.002,0.0007,2023-07-30 19:00:00
1.36,0.2,0.001,0.017,0.0534,0.018,0.009,0.0008,2023-07-30 20:00:00
0.0,0.0,0.0,0.0,0.0,0.0,0.0,0.0,2023-07-30 21:00:00
1.37,0.2,0.001,0.028,0.0343,0.022,0.011,0.0004,2023-07-30 21:00:00
1.37,0.27,0.001,0.046,0.0158,0.02,0.009,0.0005,2023-07-30 22:00:00
1.37,0.3,0.002,0.057,0.0107,0.016,0.007,0.0007,2023-07-30 23:00:00
1.4,0.4,0.021,0.066,0.0024,0.027,0.013,0.0011,2023-07-31 00:00:00
1.41,0.4,0.02,0.064,0.0022,0.023,0.012,0.001,2023-07-31 01:00:00
1.4,0.4,0.017,0.063,0.0021,0.023,0.011,0.0011,2023-07-31 02:00:00
1.41,0.27,0.014,0.062,0.0026,0.02,0.011,0.0009,2023-07-31 03:00:00
1.43,0.27,0.021,0.063,0.0029,0.023,0.011,0.001,2023-07-31 04:00:00
1.42,0.13,0.01,0.056,0.0051,0.02,0.011,0.0008,2023-07-31 05:00:00
1.41,0.1,0.006,0.042,0.0142,0.016,0.009,0.0008,2023-07-31 06:00:00
1.43,0.1,0.013,0.041,0.0144,0.018,0.01,0.0009,2023-07-31 07:00:00
1.42,0.17,0.021,0.042,0.0163,0.028,0.012,0.0009,2023-07-31 08:00:00
1.42,0.2,0.019,0.04,0.0228,0.028,0.011,0.0013,2023-07-31 09:00:00
1.4,0.1,0.011,0.031,0.0358,0.018,0.007,0.0012,2023-07-31 10:00:00
1.38,0.0,0.005,0.019,0.051,0.01,0.003,0.0011,2023-07-31 11:00:00
1.38,0.1,0.003,0.026,0.0353,0.0,0.0,0.0005,2023-07-29 17:00:00
1.46,0.1,0.004,0.021,0.0255,0.0,0.0,0.0007,2023-07-30 08:00:00
1.42,0.03,0.003,0.012,0.0498,0.008,0.0,0.0008,2023-07-30 11:00:00
1.36,0.2,0.001,0.011,0.069,0.0,0.002,0.0006,2023-07-30 18:00:00
1.35,0.13,0.0,0.011,0.0645,0.0,0.0,0.0007,2023-07-30 19:00:00
1.37,0.0,0.002,0.013,0.0615,0.014,0.008,0.0007,2023-07-31 12:00:00
1.36,0.0,0.001,0.012,0.0678,0.009,0.005,0.0007,2023-07-31 13:00:00
1.36,0.03,0.001,0.014,0.0652,0.011,0.006,0.0007,2023-07-31 14:00:00
1.36,0.1,0.001,0.014,0.0675,0.016,0.008,0.0005,2023-07-31 15:00:00
1.37,0.1,0.001,0.022,0.064,0.023,0.011,0.0004,2023-07-31 16:00:00
1.37,0.1,0.002,0.019,0.0609,0.021,0.011,0.0006,2023-07-31 17:00:00
1.38,0.2,0.002,0.031,0.046,0.031,0.013,0.0004,2023-07-31 18:00:00
1.37,0.2,0.003,0.031,0.0476,0.02,0.01,0.0005,2023-07-31 19:00:00
1.38,0.2,0.003,0.041,0.039,0.022,0.01,0.0007,2023-07-31 20:00:00
1.38,0.27,0.001,0.048,0.0272,0.025,0.013,0.0008,2023-07-31 21:00:00
1.38,0.27,0.002,0.06,0.0111,0.023,0.012,0.0005,2023-07-31 22:00:00
1.4,0.3,0.012,0.072,0.0031,0.032,0.014,0.0009,2023-07-31 23:00:00
