Motorspeed(%),Actual(m3/h),Actual(Nm3/h),Actual(m3),Actual(Nm3),Filter Press.(hPa),Air Pressure(hPa),Outdoor Temp.('C),Filter Temp.('C),Chamber Temp.('C),Temperature orifice('C),Rel.Humidity(%),Magazine Position,Sample ID,Date
"0,0","0,00","0,00","0,000","0,000","0,0","987,0","12,4",,,"26,4","84,6",1,,2023-10-01 09:30:00
"64,6","2,29","2,14","2,295","2,142","56,7","987,0","12,2",,,"22,9","87,9",1,,2023-10-01 10:30:00
"64,6","2,30","2,15","4,595","4,291","56,7","987,0","12,1",,,"22,8","89,9",1,,2023-10-01 11:30:00
"64,3","2,30","2,14","6,895","6,433","57,0","987,0","12,9",,,"23,3","84,0",1,,2023-10-01 12:30:00
"64,1","2,30","2,13","9,195","8,567","56,7","988,0","14,3",,,"24,3","73,8",1,,2023-10-01 13:30:00
"64,3","2,30","2,13","11,495","10,691","56,9","988,0","15,6",,,"25,4","65,4",1,,2023-10-01 14:30:00
"64,3","2,30","2,13","13,795","12,820","57,2","988,0","15,0",,,"25,2","64,8",1,,2023-10-01 15:30:00
"64,4","2,30","2,13","16,095","14,953","56,9","988,0","14,5",,,"24,8","61,8",1,,2023-10-01 16:30:00
"64,5","2,30","2,14","18,395","17,091","57,2","988,0","13,8",,,"24,3","66,3",1,,2023-10-01 17:30:00
"64,6","2,30","2,14","20,695","19,233","57,2","989,0","13,4",,,"24,0","69,1",1,,2023-10-01 18:30:00
"64,6","2,30","2,15","22,995","21,379","56,9","989,0","12,8",,,"23,7","69,7",1,,2023-10-01 19:30:00
"64,6","2,30","2,15","25,295","23,529","56,7","989,0","12,3",,,"23,3","68,8",1,,2023-10-01 20:30:00
"64,7","2,30","2,15","27,595","25,684","56,7","989,0","11,7",,,"22,9","70,1",1,,2023-10-01 21:30:00
"64,8","2,30","2,16","29,895","27,841","57,0","989,0","11,4",,,"22,7","73,2",1,,2023-10-01 22:30:00
"64,8","2,30","2,16","32,195","30,000","57,0","989,0","11,1",,,"22,6","75,5",1,,2023-10-01 23:30:00
"64,9","2,30","2,16","34,495","32,162","57,0","988,0","10,6",,,"22,3","78,6",1,,2023-10-02 00:30:00
"64,9","2,30","2,17","36,795","34,328","57,4","988,0","10,2",,,"22,1","81,7",1,,2023-10-02 01:30:00
"65,1","2,30","2,17","39,095","36,496","56,8","988,0","9,8",,,"21,4","83,9",1,,2023-10-02 02:30:00
"65,2","2,30","2,17","41,395","38,666","56,5","988,0","9,5",,,"21,3","85,4",1,,2023-10-02 03:30:00
"65,2","2,30","2,17","43,695","40,836","56,5","988,0","9,4",,,"21,2","86,7",1,,2023-10-02 04:30:00
"65,3","2,30","2,18","45,995","43,011","56,8","988,0","8,9",,,"21,2","88,6",1,,2023-10-02 05:30:00
"65,4","2,30","2,18","48,295","45,193","57,1","988,0","8,1",,,"21,1","90,3",1,,2023-10-02 06:30:00
"65,4","2,30","2,18","50,595","47,376","56,8","989,0","8,0",,,"20,8","91,8",1,,2023-10-02 07:30:00
"65,3","2,30","2,18","52,895","49,558","56,8","989,0","8,2",,,"20,9","92,2",1,,2023-10-02 08:30:00
"65,2","2,30","2,18","55,195","51,738","57,1","989,0","8,6",,,"21,1","91,1",1,,2023-10-02 09:30:00
"65,3","2,30","2,18","55,197","51,740","56,8","990,0","8,9",,,"21,2","90,3",1,,2023-10-02 09:30:03
"65,3","2,30","2,16","55,197","51,740","56,8","989,0","11,4",,,"22,7","78,8",1,,2023-10-02 09:30:03
"0,0","0,00","0,00","0,000","0,000","0,0","994,0","14,7",,,"25,2","54,2",1,,2023-10-03 15:46:48
"0,0","0,00","0,00","0,000","0,000","0,0","983,0","13,9",,,"26,0","66,7",1,,2023-10-04 09:30:00
"63,8","2,29","2,12","2,295","2,117","57,0","982,0","14,2",,,"22,9","65,3",1,,2023-10-04 10:30:00
"63,7","2,30","2,11","4,595","4,229","57,0","981,0","15,2",,,"23,3","61,7",1,,2023-10-04 11:30:00
"63,4","2,30","2,10","6,895","6,331","56,7","981,0","16,5",,,"23,8","58,0",1,,2023-10-04 12:30:00
"63,5","2,30","2,09","9,195","8,437","57,6","980,0","17,6",,,"24,7","55,0",1,,2023-10-04 13:30:00
"63,6","2,30","2,10","11,495","10,533","57,3","981,0","17,2",,,"24,4","57,2",1,,2023-10-04 14:30:00
"64,1","2,30","2,11","13,795","12,645","57,0","982,0","15,4",,,"23,5","68,4",1,,2023-10-04 15:30:00
"64,5","2,30","2,13","16,095","14,771","57,6","982,0","13,7",,,"22,8","79,8",1,,2023-10-04 16:30:00
"64,5","2,30","2,13","18,395","16,903","57,3","982,0","12,8",,,"22,4","85,9",1,,2023-10-04 17:30:00
"64,5","2,30","2,13","20,695","19,037","57,6","983,0","12,9",,,"22,3","84,6",1,,2023-10-04 18:30:00
"64,6","2,30","2,14","22,995","21,177","57,9","984,0","12,4",,,"22,1","84,8",1,,2023-10-04 19:30:00
"64,5","2,30","2,14","25,295","23,320","57,6","985,0","12,2",,,"22,0","78,8",1,,2023-10-04 20:30:00
"64,6","2,30","2,15","27,595","25,467","57,6","986,0","11,9",,,"21,9","73,4",1,,2023-10-04 21:30:00
"64,7","2,30","2,15","29,895","27,618","57,0","986,0","11,5",,,"21,8","74,1",1,,2023-10-04 22:30:00
"64,7","2,30","2,15","32,195","29,773","57,8","986,0","11,1",,,"21,7","73,3",1,,2023-10-04 23:30:00
"64,8","2,30","2,16","34,495","31,931","57,8","986,0","10,5",,,"21,6","73,9",1,,2023-10-05 00:30:00
"64,9","2,30","2,16","36,795","34,092","57,5","986,0","10,2",,,"21,5","74,7",1,,2023-10-05 01:30:00
"65,1","2,30","2,17","39,095","36,257","57,1","987,0","9,8",,,"20,7","76,0",1,,2023-10-05 02:30:00
"65,3","2,30","2,17","41,395","38,428","57,3","987,0","9,0",,,"20,7","79,9",1,,2023-10-05 03:30:00
"65,4","2,30","2,17","43,695","40,602","57,3","987,0","8,7",,,"20,6","82,1",1,,2023-10-05 04:30:00
"65,5","2,30","2,18","45,995","42,779","57,3","987,0","8,2",,,"20,5","84,8",1,,2023-10-05 05:30:00
"65,5","2,30","2,18","48,295","44,958","57,3","987,0","8,0",,,"20,4","86,7",1,,2023-10-05 06:30:00
"65,4","2,30","2,18","50,595","47,137","57,3","987,0","8,1",,,"20,4","86,9",1,,2023-10-05 07:30:00
"65,3","2,30","2,17","52,895","49,311","57,6","987,0","8,7",,,"20,7","85,4",1,,2023-10-05 08:30:00
"65,1","2,30","2,17","55,195","51,478","57,6","987,0","9,7",,,"21,2","82,9",1,,2023-10-05 09:30:00
"65,0","2,30","2,16","55,197","51,480","57,6","988,0","10,4",,,"21,6","81,4",1,,2023-10-05 09:30:03
"65,0","2,30","2,14","55,197","51,480","57,0","985,0","11,9",,,"22,0","75,6",1,,2023-10-05 09:30:03
"0,0","0,00","0,00","0,000","0,000","0,0","977,0","9,9",,,"27,4","83,3",1,,2023-10-06 09:42:37
"0,0","0,00","0,00","0,000","0,000","0,0","976,0","3,0",,,"26,4","69,5",1,,2023-10-07 09:30:00
"66,2","2,29","2,19","2,295","2,192","56,9","974,0","2,1",,,"18,2","81,2",1,,2023-10-07 10:30:00
"66,3","2,30","2,19","4,595","4,381","56,8","971,0","2,2",,,"17,7","89,5",1,,2023-10-07 11:30:00
"66,1","2,30","2,18","6,895","6,558","55,8","968,0","2,9",,,"18,2","91,2",1,,2023-10-07 12:30:00
"66,0","2,30","2,17","9,195","8,723","56,1","966,0","3,8",,,"18,8","90,8",1,,2023-10-07 13:30:00
"65,9","2,30","2,16","11,495","10,879","56,1","964,0","4,4",,,"19,1","91,6",1,,2023-10-07 14:30:00
"65,8","2,30","2,14","13,795","13,022","56,4","962,0","5,4",,,"19,5","92,2",1,,2023-10-07 15:30:00
"65,7","2,30","2,13","16,095","15,156","56,4","959,0","5,9",,,"20,0","93,3",1,,2023-10-07 16:30:00
"65,5","2,30","2,12","18,395","17,280","56,3","958,0","6,8",,,"20,4","92,9",1,,2023-10-07 17:30:00
"65,4","2,30","2,11","20,695","19,394","56,0","956,0","7,7",,,"20,8","93,0",1,,2023-10-07 18:30:00
"65,2","2,30","2,10","22,995","21,499","56,0","955,0","8,5",,,"21,1","92,8",1,,2023-10-07 19:30:00
"65,3","2,30","2,10","25,295","23,603","56,0","955,0","8,4",,,"21,2","89,3",1,,2023-10-07 20:30:00
"65,2","2,30","2,10","27,595","25,706","56,0","954,0","8,5",,,"21,1","87,6",1,,2023-10-07 21:30:00
"65,4","2,30","2,10","29,895","27,809","56,3","954,0","8,5",,,"21,2","85,7",1,,2023-10-07 22:30:00
"65,8","2,30","2,12","32,195","29,930","56,0","955,0","6,4",,,"20,8","88,0",1,,2023-10-07 23:30:00
"65,8","2,30","2,12","34,495","32,055","56,3","955,0","6,0",,,"20,4","83,2",1,,2023-10-08 00:30:00
"65,8","2,30","2,13","36,795","34,181","56,3","956,0","5,8",,,"20,3","79,2",1,,2023-10-08 01:30:00
"65,9","2,30","2,13","39,095","36,308","56,7","956,0","5,8",,,"20,4","79,7",1,,2023-10-08 02:30:00
"65,9","2,30","2,13","41,395","38,438","56,3","956,0","5,4",,,"20,2","79,4",1,,2023-10-08 03:30:00
"65,9","2,30","2,13","43,695","40,570","56,3","956,0","5,1",,,"20,2","75,8",1,,2023-10-08 04:30:00
"66,0","2,30","2,13","45,995","42,703","56,3","956,0","4,9",,,"20,1","75,5",1,,2023-10-08 05:30:00
"66,2","2,30","2,14","48,295","44,846","56,6","956,0","3,8",,,"19,8","80,9",1,,2023-10-08 06:30:00
"66,2","2,30","2,14","50,595","46,990","56,3","956,0","3,5",,,"19,4","82,5",1,,2023-10-08 07:30:00
"66,2","2,30","2,14","52,895","49,133","56,9","956,0","3,6",,,"19,5","80,1",1,,2023-10-08 08:30:00
"66,2","2,30","2,14","55,195","51,276","56,6","956,0","3,7",,,"19,6","77,7",1,,2023-10-08 09:30:00
"66,2","2,30","2,15","55,197","51,278","56,6","957,0","3,5",,,"19,6","77,7",1,,2023-10-08 09:30:03
"66,2","2,30","2,15","55,197","51,278","56,9","960,0","5,4",,,"19,9","85,6",1,,2023-10-08 09:30:03
"0,0","0,00","0,00","0,000","0,000","0,3","977,0","3,2",,,"26,8","86,6",1,,2023-10-09 15:49:24
"0,0","0,00","0,00","0,000","0,000","0,0","985,0","0,8",,,"26,4","85,2",1,,2023-10-10 09:30:00
"66,1","2,29","2,23","2,295","2,226","55,8","985,0","0,8",,,"17,8","85,6",1,,2023-10-10 10:30:00
"66,1","2,30","2,23","4,595","4,457","55,3","985,0","1,0",,,"17,4","86,1",1,,2023-10-10 11:30:00
"66,1","2,30","2,23","6,895","6,683","55,8","985,0","1,6",,,"17,8","82,3",1,,2023-10-10 12:30:00
"65,9","2,30","2,22","9,195","8,906","55,6","986,0","2,3",,,"18,3","78,4",1,,2023-10-10 13:30:00
"65,9","2,30","2,22","11,495","11,124","55,5","986,0","2,8",,,"18,7","74,4",1,,2023-10-10 14:30:00
"66,4","2,30","2,22","13,795","13,344","55,8","987,0","2,9",,,"18,9","72,3",1,,2023-10-10 15:30:00
"66,3","2,30","2,23","16,095","15,573","55,5","988,0","1,9",,,"18,5","81,1",1,,2023-10-10 16:30:00
"66,2","2,30","2,23","18,395","17,802","55,8","989,0","2,2",,,"18,4","77,0",1,,2023-10-10 17:30:00
"66,3","2,30","2,23","20,695","20,035","55,5","990,0","1,9",,,"18,2","76,7",1,,2023-10-10 18:30:00
"66,4","2,30","2,24","22,995","22,274","55,5","990,0","1,4",,,"17,9","79,1",1,,2023-10-10 19:30:00
"66,5","2,30","2,25","25,295","24,520","55,5","991,0","0,8",,,"17,6","83,6",1,,2023-10-10 20:30:00
"66,5","2,30","2,25","27,595","26,770","55,8","992,0","0,5",,,"17,4","84,8",1,,2023-10-10 21:30:00
"66,6","2,30","2,25","29,895","29,024","55,8","993,0","0,2",,,"17,2","85,8",1,,2023-10-10 22:30:00
"66,6","2,30","2,26","32,195","31,282","55,9","993,0","-0,1",,,"17,0","86,8",1,,2023-10-10 23:30:00
"66,6","2,30","2,26","34,495","33,543","56,1","993,0","-0,5",,,"16,8","87,1",1,,2023-10-11 00:30:00
"66,8","2,30","2,26","36,795","35,808","56,1","994,0","-0,6",,,"16,8","87,9",1,,2023-10-11 01:30:00
"66,7","2,30","2,27","39,095","38,076","56,1","994,0","-1,0",,,"16,6","88,3",1,,2023-10-11 02:30:00
"66,7","2,30","2,27","41,395","40,341","56,7","995,0","-0,5",,,"16,7","86,2",1,,2023-10-11 03:30:00
"66,7","2,30","2,27","43,695","42,607","56,4","995,0","-0,5",,,"16,8","85,0",1,,2023-10-11 04:30:00
"66,8","2,30","2,27","45,995","44,878","56,1","996,0","-0,9",,,"16,7","85,8",1,,2023-10-11 05:30:00
"66,9","2,30","2,28","48,295","47,154","56,2","996,0","-1,3",,,"16,4","86,8",1,,2023-10-11 06:30:00
"66,8","2,30","2,28","50,595","49,430","56,7","997,0","-1,3",,,"16,3","87,2",1,,2023-10-11 07:30:00
"66,6","2,30","2,27","52,895","51,697","57,0","997,0","-0,2",,,"16,9","83,5",1,,2023-10-11 08:30:00
"66,2","2,30","2,26","55,195","53,955","56,7","997,0","0,9",,,"17,9","80,4",1,,2023-10-11 09:30:00
"66,2","2,30","2,25","55,197","53,957","57,0","997,0","2,0",,,"18,2","77,6",1,,2023-10-11 09:30:03
"66,2","2,30","2,25","55,197","53,957","56,7","992,0","0,6",,,"17,5","83,0",1,,2023-10-11 09:30:03
"0,0","0,00","0,00","0,000","0,000","0,0","976,0","8,4",,,"27,6","77,0",1,,2023-10-12 10:35:16
"0,0","0,00","0,00","0,000","0,000","0,0","975,0","8,5",,,"27,6","76,2",1,,2023-10-12 10:40:00
"64,5","2,29","2,14","2,295","2,139","56,9","974,0","9,0",,,"21,4","74,5",1,,2023-10-12 11:40:00
"64,6","2,30","2,13","4,595","4,274","56,5","973,0","9,8",,,"21,3","73,6",1,,2023-10-12 12:40:00
"64,7","2,30","2,13","6,895","6,406","56,7","973,0","10,3",,,"21,5","75,3",1,,2023-10-12 13:40:00
"64,8","2,30","2,13","9,195","8,539","56,7","974,0","10,2",,,"21,7","80,3",1,,2023-10-12 14:40:00
"64,6","2,30","2,14","11,495","10,674","56,7","974,0","10,0",,,"21,6","86,7",1,,2023-10-12 15:40:00
"64,5","2,30","2,13","13,795","12,804","56,8","973,0","10,6",,,"21,2","85,2",1,,2023-10-12 16:40:00
"64,2","2,30","2,13","16,095","14,930","57,0","974,0","11,1",,,"21,6","83,1",1,,2023-10-12 17:40:00
"64,5","2,30","2,13","18,395","17,059","57,6","974,0","10,9",,,"21,6","87,3",1,,2023-10-12 18:40:00
"64,3","2,30","2,13","20,695","19,187","57,6","974,0","11,2",,,"21,6","85,7",1,,2023-10-12 19:40:00
"64,3","2,30","2,13","22,995","21,314","57,3","975,0","11,3",,,"21,8","81,7",1,,2023-10-12 20:40:00
"64,4","2,30","2,13","24,827","23,012","57,3","975,0","11,1",,,"21,8","78,4",1,,2023-10-12 21:27:48
"64,4","2,30","2,16","24,827","23,012","57,3","974,0","10,5",,,"21,6","81,1",1,,2023-10-12 21:27:48
"0,0","0,00","0,00","0,000","0,000","44,8","976,0","10,8",,,"25,2","76,7",1,,2023-10-12 21:31:34
"0,0","0,00","0,00","0,000","0,000","0,1","976,0","10,8",,,"25,2","76,7",1,,2023-10-12 21:32:00
"64,3","2,29","2,13","2,295","2,129","55,5","976,0","10,8",,,"21,9","74,6",1,,2023-10-12 22:32:00
"64,4","2,30","2,14","4,595","4,266","56,0","976,0","10,3",,,"21,5","72,0",1,,2023-10-12 23:32:00
"64,7","2,30","2,14","6,895","6,408","54,7","976,0","9,8",,,"21,1","75,2",1,,2023-10-13 00:32:00
"65,0","2,30","2,15","9,195","8,553","55,5","976,0","9,3",,,"21,3","82,9",1,,2023-10-13 01:32:00
"64,9","2,30","2,15","11,495","10,700","54,9","976,0","9,1",,,"21,2","82,3",1,,2023-10-13 02:32:00
"65,0","2,30","2,15","13,795","12,851","54,9","976,0","8,7",,,"21,2","81,4",1,,2023-10-13 03:32:00
"65,0","2,30","2,15","16,095","15,004","55,2","977,0","8,4",,,"21,1","80,8",1,,2023-10-13 04:32:00
"65,1","2,30","2,15","18,395","17,159","55,2","977,0","8,4",,,"21,2","80,9",1,,2023-10-13 05:32:00
"65,2","2,30","2,16","20,695","19,316","55,2","978,0","8,2",,,"21,1","80,7",1,,2023-10-13 06:32:00
"65,2","2,30","2,16","22,995","21,478","55,5","978,0","7,8",,,"21,0","80,5",1,,2023-10-13 07:32:00
"65,0","2,30","2,16","25,295","23,639","55,5","980,0","8,2",,,"21,2","77,7",1,,2023-10-13 08:32:00
"65,0","2,30","2,16","27,328","25,550","55,5","981,0","8,6",,,"21,5","74,5",1,,2023-10-13 09:25:03
"65,0","2,30","2,15","27,328","25,550","55,5","978,0","9,0",,,"21,3","78,7",1,,2023-10-13 09:25:03
"0,0","0,00","0,00","0,000","0,000","0,0","981,0","8,6",,,"25,0","72,9",1,,2023-10-13 09:27:35
"0,0","0,00","0,00","0,000","0,000","0,0","981,0","8,6",,,"25,6","72,5",1,,2023-10-13 09:30:00
"64,9","2,29","2,15","2,295","2,153","56,6","982,0","9,2",,,"22,3","69,2",1,,2023-10-13 10:30:00
"64,6","2,30","2,16","4,595","4,310","56,6","983,0","9,6",,,"22,3","64,3",1,,2023-10-13 11:30:00
"64,3","2,30","2,15","6,895","6,460","57,2","984,0","10,9",,,"22,8","56,4",1,,2023-10-13 12:30:00
"64,1","2,30","2,15","9,195","8,612","57,2","985,0","11,0",,,"22,8","55,8",1,,2023-10-13 13:30:00
"63,9","2,30","2,14","11,495","10,757","57,2","986,0","12,1",,,"23,0","49,9",1,,2023-10-13 14:30:00
"63,9","2,30","2,14","13,795","12,900","56,9","986,0","12,6",,,"23,1","48,0",1,,2023-10-13 15:30:00
"64,2","2,30","2,15","16,095","15,050","56,9","987,0","11,7",,,"22,3","50,9",1,,2023-10-13 16:30:00
"64,3","2,30","2,16","18,395","17,208","57,0","987,0","10,9",,,"21,8","53,1",1,,2023-10-13 17:30:00
"64,5","2,30","2,16","20,695","19,373","57,1","988,0","10,2",,,"21,4","57,0",1,,2023-10-13 18:30:00
"64,8","2,30","2,17","22,995","21,544","56,7","989,0","9,6",,,"21,0","59,8",1,,2023-10-13 19:30:00
"64,9","2,30","2,17","25,295","23,718","56,7","989,0","9,2",,,"21,1","62,4",1,,2023-10-13 20:30:00
"65,0","2,30","2,18","27,595","25,898","56,6","989,0","8,7",,,"21,0","63,8",1,,2023-10-13 21:30:00
"65,1","2,30","2,18","29,895","28,082","56,9","990,0","8,1",,,"20,7","66,2",1,,2023-10-13 22:30:00
"65,2","2,30","2,19","32,195","30,269","56,9","990,0","7,8",,,"20,6","68,2",1,,2023-10-13 23:30:00
"65,3","2,30","2,19","34,495","32,459","56,9","990,0","7,4",,,"20,5","70,1",1,,2023-10-14 00:30:00
"65,5","2,30","2,20","36,795","34,656","56,9","990,0","6,6",,,"20,3","74,4",1,,2023-10-14 01:30:00
"65,6","2,30","2,20","39,095","36,880","57,2","989,0","6,0",,,"20,1","77,2",1,,2023-10-14 02:30:00
"65,7","2,30","2,20","41,395","39,084","57,5","989,0","5,6",,,"20,0","79,2",1,,2023-10-14 03:30:00
"65,7","2,30","2,20","43,695","41,287","57,2","989,0","5,5",,,"20,0","80,6",1,,2023-10-14 04:30:00
"65,8","2,30","2,20","45,995","43,489","57,5","989,0","5,5",,,"20,0","81,3",1,,2023-10-14 05:30:00
"65,7","2,30","2,20","48,295","45,767","57,2","988,0","5,5",,,"20,0","82,0",1,,2023-10-14 06:30:00
"65,6","2,30","2,20","50,595","47,963","57,5","987,0","5,8",,,"20,1","81,6",1,,2023-10-14 07:30:00
"65,6","2,30","2,19","52,895","50,155","57,5","986,0","6,1",,,"20,4","80,1",1,,2023-10-14 08:30:00
"65,5","2,30","2,19","54,813","51,978","57,8","985,0","6,6",,,"20,7","79,2",1,,2023-10-14 09:20:03
"65,5","2,30","2,18","54,813","51,978","57,8","988,0","8,4",,,"21,2","67,0",1,,2023-10-14 09:20:03
"0,0","0,00","0,00","0,000","0,000","0,3","985,0","6,7",,,"27,2","82,8",1,1.0,2023-10-14 09:34:12
"0,0","0,00","0,00","0,000","0,000","0,0","985,0","6,7",,,"27,4","82,8",1,1.0,2023-10-14 09:34:13
"65,3","2,29","2,17","2,294","2,173","57,5","984,0","7,2",,,"21,6","83,3",1,1.0,2023-10-14 10:34:13
"65,3","2,30","2,17","4,594","4,347","57,2","983,0","7,4",,,"21,1","86,7",1,1.0,2023-10-14 11:34:13
"65,0","2,30","2,17","6,894","6,513","57,5","982,0","8,2",,,"21,2","87,8",1,1.0,2023-10-14 12:34:13
"64,8","2,30","2,15","9,194","8,663","57,1","981,0","10,0",,,"21,9","81,9",1,1.0,2023-10-14 13:34:13
"64,5","2,30","2,14","11,494","10,806","57,6","981,0","11,0",,,"22,4","80,0",1,1.0,2023-10-14 14:34:13
"64,2","2,30","2,14","13,794","12,941","57,7","981,0","11,9",,,"22,4","78,0",1,1.0,2023-10-14 15:34:13
"64,1","2,30","2,13","16,094","15,071","57,7","980,0","12,5",,,"22,4","77,1",1,1.0,2023-10-14 16:34:13
"64,0","2,30","2,12","18,394","17,195","57,5","980,0","13,2",,,"22,4","75,9",1,1.0,2023-10-14 17:34:13
"64,1","2,30","2,12","20,694","19,318","57,5","979,0","13,2",,,"22,5","77,6",1,1.0,2023-10-14 18:34:13
"64,2","2,30","2,12","22,994","21,442","57,5","979,0","13,0",,,"22,5","80,8",1,1.0,2023-10-14 19:34:13
"64,2","2,30","2,13","25,294","23,567","57,2","979,0","12,7",,,"22,4","86,5",1,1.0,2023-10-14 20:34:13
"64,3","2,30","2,12","27,051","25,190","57,7","978,0","12,9",,,"22,4","86,2",1,1.0,2023-10-14 21:20:03
"64,3","2,30","2,15","27,051","25,190","57,7","981,0","11,1",,,"22,1","81,7",1,1.0,2023-10-14 21:20:03
"0,0","0,00","0,00","0,000","0,000","0,5","979,0","12,7",,,"25,4","87,0",1,,2023-10-14 21:22:42
"0,0","0,00","0,00","0,000","0,000","0,3","979,0","12,8",,,"26,6","86,8",1,,2023-10-14 21:30:00
"64,3","2,29","2,12","2,295","2,119","57,8","978,0","12,7",,,"22,8","87,3",1,,2023-10-14 22:30:00
"64,2","2,30","2,12","4,595","4,241","58,0","978,0","13,0",,,"22,4","85,3",1,,2023-10-14 23:30:00
"64,2","2,30","2,12","6,895","6,359","57,5","977,0","13,2",,,"22,3","84,0",1,,2023-10-15 00:30:00
"64,2","2,30","2,12","9,195","8,475","58,1","977,0","13,4",,,"22,3","83,4",1,,2023-10-15 01:30:00
"64,2","2,30","2,12","11,495","10,591","57,8","976,0","13,3",,,"22,3","83,9",1,,2023-10-15 02:30:00
"64,3","2,30","2,12","13,795","12,707","57,8","976,0","13,2",,,"22,3","84,3",1,,2023-10-15 03:30:00
"64,4","2,30","2,12","16,095","14,824","58,1","976,0","13,0",,,"22,2","85,1",1,,2023-10-15 04:30:00
"64,3","2,30","2,12","18,395","16,941","58,1","976,0","13,0",,,"22,1","85,6",1,,2023-10-15 05:30:00
"64,3","2,30","2,12","20,695","19,057","58,3","976,0","13,1",,,"22,3","85,0",1,,2023-10-15 06:30:00
"64,3","2,30","2,12","22,995","21,173","58,3","976,0","13,1",,,"22,2","85,3",1,,2023-10-15 07:30:00
"64,4","2,30","2,12","25,295","23,294","58,7","976,0","12,6",,,"22,1","88,8",1,,2023-10-15 08:30:00
"64,8","2,30","2,13","27,214","25,072","58,9","976,0","11,2",,,"21,8","89,1",1,,2023-10-15 09:20:03
"64,8","2,30","2,12","27,214","25,072","58,7","976,0","12,9",,,"22,3","85,5",1,,2023-10-15 09:20:03
"0,0","0,00","0,00","0,000","0,000","0,0","977,0","10,1",,,"24,6","88,3",1,,2023-10-15 09:22:23
"0,0","0,00","0,00","0,000","0,000","0,0","978,0","10,0",,,"25,6","89,8",1,,2023-10-15 09:30:00
"64,8","2,29","2,14","2,295","2,143","56,6","977,0","9,4",,,"21,3","87,2",1,,2023-10-15 10:30:00
"64,8","2,30","2,15","4,595","4,289","56,2","977,0","9,5",,,"20,8","84,3",1,,2023-10-15 11:30:00
"64,9","2,30","2,15","6,895","6,436","56,5","977,0","9,4",,,"20,8","84,7",1,,2023-10-15 12:30:00
"64,7","2,30","2,14","9,195","8,579","56,5","977,0","9,9",,,"21,1","83,9",1,,2023-10-15 13:30:00
"64,7","2,30","2,14","11,495","10,717","57,0","977,0","10,5",,,"21,5","79,3",1,,2023-10-15 14:30:00
"64,8","2,30","2,14","13,795","12,854","56,7","977,0","10,6",,,"21,6","78,5",1,,2023-10-15 15:30:00
"64,8","2,30","2,14","16,095","14,994","56,5","977,0","10,3",,,"21,5","80,0",1,,2023-10-15 16:30:00
"64,9","2,30","2,14","18,395","17,137","56,5","977,0","10,0",,,"21,3","82,3",1,,2023-10-15 17:30:00
"64,9","2,30","2,14","20,695","19,282","56,7","978,0","9,8",,,"21,2","84,4",1,,2023-10-15 18:30:00
"64,9","2,30","2,15","22,995","21,429","56,7","978,0","9,7",,,"21,1","86,3",1,,2023-10-15 19:30:00
"64,9","2,30","2,15","25,295","23,576","56,8","978,0","9,6",,,"21,1","86,5",1,,2023-10-15 20:30:00
"64,9","2,30","2,15","27,213","25,368","57,3","978,0","9,5",,,"21,1","86,7",1,,2023-10-15 21:20:03
"64,9","2,30","2,14","27,213","25,368","56,7","978,0","9,9",,,"21,2","83,6",1,,2023-10-15 21:20:03
"0,0","0,00","0,00","0,000","0,000","0,0","979,0","9,5",,,"24,6","86,2",1,,2023-10-15 21:24:04
"0,0","0,00","0,00","0,000","0,000","0,0","979,0","9,5",,,"26,2","85,9",1,,2023-10-15 21:30:00
"65,1","2,29","2,15","2,295","2,146","58,9","979,0","9,3",,,"21,4","85,8",1,,2023-10-15 22:30:00
"65,1","2,30","2,16","4,595","4,301","58,9","979,0","8,8",,,"20,7","85,9",1,,2023-10-15 23:30:00
"65,2","2,30","2,16","6,895","6,460","58,1","979,0","8,3",,,"20,4","85,5",1,,2023-10-16 00:30:00
"65,2","2,30","2,16","9,195","8,621","58,9","979,0","8,1",,,"20,3","82,5",1,,2023-10-16 01:30:00
"65,3","2,30","2,16","11,495","10,783","59,2","979,0","8,0",,,"20,4","81,1",1,,2023-10-16 02:30:00
"65,3","2,30","2,16","13,795","12,945","58,9","978,0","7,7",,,"20,4","80,6",1,,2023-10-16 03:30:00
"65,4","2,30","2,16","16,095","15,110","59,2","978,0","7,4",,,"20,4","82,2",1,,2023-10-16 04:30:00
"65,5","2,30","2,17","18,395","17,276","59,2","978,0","7,1",,,"20,4","84,1",1,,2023-10-16 05:30:00
"65,5","2,30","2,17","20,695","19,445","58,9","978,0","6,8",,,"20,4","84,7",1,,2023-10-16 06:30:00
"65,6","2,30","2,17","22,995","21,614","59,2","978,0","6,7",,,"20,3","84,2",1,,2023-10-16 07:30:00
"65,6","2,30","2,17","25,295","23,783","59,2","978,0","6,6",,,"20,4","84,4",1,,2023-10-16 08:30:00
"65,7","2,30","2,17","27,214","25,592","59,4","978,0","6,7",,,"20,6","83,4",1,,2023-10-16 09:20:03
"65,7","2,30","2,16","27,214","25,592","59,4","979,0","7,6",,,"20,5","83,7",1,,2023-10-16 09:20:03
"0,0","0,00","0,00","0,000","0,000","0,0","978,0","6,8",,,"25,0","84,1",1,,2023-10-16 09:25:49
"0,0","0,00","0,00","0,000","0,000","0,0","978,0","6,9",,,"26,2","83,4",1,,2023-10-16 09:30:00
"65,3","2,29","2,16","2,295","2,164","58,4","977,0","6,6",,,"21,2","84,6",1,,2023-10-16 10:30:00
"65,3","2,30","2,17","4,595","4,333","58,4","977,0","6,5",,,"20,3","86,1",1,,2023-10-16 11:30:00
"65,5","2,30","2,17","6,895","6,502","57,8","977,0","6,4",,,"20,2","87,1",1,,2023-10-16 12:30:00
"65,5","2,30","2,17","9,195","8,671","58,1","976,0","6,3",,,"20,1","88,3",1,,2023-10-16 13:30:00
"65,5","2,30","2,17","11,495","10,839","58,4","976,0","6,2",,,"20,2","88,3",1,,2023-10-16 14:30:00
"65,5","2,30","2,17","13,795","13,005","58,6","975,0","6,4",,,"20,3","88,2",1,,2023-10-16 15:30:00
"65,7","2,30","2,17","16,095","15,172","59,2","975,0","6,3",,,"20,3","87,8",1,,2023-10-16 16:30:00
"65,7","2,30","2,17","18,395","17,342","58,9","975,0","5,9",,,"20,3","89,8",1,,2023-10-16 17:30:00
"65,7","2,30","2,17","20,695","19,513","58,6","975,0","5,6",,,"20,1","90,0",1,,2023-10-16 18:30:00
"65,7","2,30","2,17","22,995","21,685","58,6","975,0","5,6",,,"20,1","90,6",1,,2023-10-16 19:30:00
"65,8","2,30","2,17","25,295","23,857","58,6","975,0","5,6",,,"20,1","90,3",1,,2023-10-16 20:30:00
"65,9","2,30","2,17","27,595","26,030","58,9","975,0","5,2",,,"20,0","89,9",1,,2023-10-16 21:30:00
"65,8","2,30","2,18","29,895","28,206","58,9","975,0","5,0",,,"20,0","88,8",1,,2023-10-16 22:30:00
"65,9","2,30","2,18","32,195","30,382","59,2","975,0","4,9",,,"19,9","87,5",1,,2023-10-16 23:30:00
"66,0","2,30","2,18","34,495","32,560","59,5","975,0","4,5",,,"19,8","86,2",1,,2023-10-17 00:30:00
"66,1","2,30","2,18","36,795","34,742","59,2","975,0","4,2",,,"19,7","83,7",1,,2023-10-17 01:30:00
"66,1","2,30","2,18","39,095","36,927","59,5","975,0","3,9",,,"19,6","83,5",1,,2023-10-17 02:30:00
"66,2","2,30","2,19","41,395","39,115","59,5","975,0","3,4",,,"19,4","83,7",1,,2023-10-17 03:30:00
"66,4","2,30","2,19","43,695","41,307","59,2","975,0","2,9",,,"19,2","83,9",1,,2023-10-17 04:30:00
"66,5","2,30","2,20","45,995","43,560","59,2","975,0","2,3",,,"18,9","85,3",1,,2023-10-17 05:30:00
"66,6","2,30","2,20","48,295","45,762","59,5","975,0","1,7",,,"18,6","86,9",1,,2023-10-17 06:30:00
"66,7","2,30","2,21","50,595","47,971","59,2","975,0","1,0",,,"18,3","88,9",1,,2023-10-17 07:30:00
"66,7","2,30","2,21","52,895","50,183","59,5","976,0","0,8",,,"18,2","89,6",1,,2023-10-17 08:30:00
"66,7","2,30","2,21","54,813","52,027","60,1","977,0","1,0",,,"18,4","89,3",1,,2023-10-17 09:20:03
"66,7","2,30","2,18","54,813","52,027","59,8","976,0","4,5",,,"19,7","87,4",1,,2023-10-17 09:20:03
"0,0","0,00","0,00","0,000","0,000","0,3","977,0","1,3",,,"26,0","88,5",1,,2023-10-17 09:34:44
"0,0","0,00","0,00","0,000","0,000","0,0","977,0","1,3",,,"26,2","88,5",1,,2023-10-17 09:35:00
"66,3","2,29","2,20","2,295","2,201","58,0","977,0","1,7",,,"19,9","87,3",1,,2023-10-17 10:35:00
"66,1","2,30","2,21","4,595","4,408","58,1","977,0","1,8",,,"18,6","84,9",1,,2023-10-17 11:35:00
"66,0","2,30","2,20","6,895","6,609","57,8","977,0","2,5",,,"18,8","82,9",1,,2023-10-17 12:35:00
"65,8","2,30","2,19","9,195","8,804","57,8","977,0","3,3",,,"19,2","79,6",1,,2023-10-17 13:35:00
"65,9","2,30","2,19","11,495","10,995","58,0","977,0","3,7",,,"19,6","78,8",1,,2023-10-17 14:35:00
"66,0","2,30","2,19","13,795","13,186","57,7","977,0","3,6",,,"19,5","82,3",1,,2023-10-17 15:35:00
"66,2","2,30","2,20","16,095","15,401","57,7","977,0","3,1",,,"19,4","87,0",1,,2023-10-17 16:35:00
"66,2","2,30","2,20","18,395","17,683","57,7","978,0","2,8",,,"19,2","89,6",1,,2023-10-17 17:35:00
"66,2","2,30","2,20","20,695","19,884","57,7","978,0","2,8",,,"19,2","90,1",1,,2023-10-17 18:35:00
"66,2","2,30","2,20","22,995","22,193","58,6","979,0","3,0",,,"19,3","87,6",1,,2023-10-17 19:35:00
"66,2","2,30","2,20","25,295","24,549","58,0","979,0","3,1",,,"19,3","86,4",1,,2023-10-17 20:35:00
"66,1","2,30","2,20","27,021","26,330","57,7","979,0","3,1",,,"19,3","87,9",1,,2023-10-17 21:20:03
"66,1","2,30","2,20","27,021","26,330","57,7","978,0","2,9",,,"19,3","85,3",1,,2023-10-17 21:20:03
"0,0","0,00","0,00","0,000","0,000","0,0","979,0","3,0",,,"23,6","89,1",1,,2023-10-17 21:24:04
"0,0","0,00","0,00","0,000","0,000","0,0","979,0","3,0",,,"25,4","89,7",1,,2023-10-17 21:30:00
"66,1","2,29","2,20","2,295","2,202","57,2","979,0","2,3",,,"19,6","91,0",1,,2023-10-17 22:30:00
"66,2","2,30","2,20","4,595","4,405","57,5","979,0","2,8",,,"19,0","90,5",1,,2023-10-17 23:30:00
"66,1","2,30","2,20","6,895","6,608","57,5","979,0","2,8",,,"19,0","90,0",1,,2023-10-18 00:30:00
"66,1","2,30","2,20","9,195","8,811","56,9","980,0","2,9",,,"19,1","87,8",1,,2023-10-18 01:30:00
"66,1","2,30","2,20","11,495","11,014","57,2","980,0","3,0",,,"19,1","87,0",1,,2023-10-18 02:30:00
"66,0","2,30","2,20","13,795","13,216","57,2","980,0","3,1",,,"19,1","85,1",1,,2023-10-18 03:30:00
"66,0","2,30","2,20","16,095","15,418","57,5","980,0","3,3",,,"19,3","82,8",1,,2023-10-18 04:30:00
"65,9","2,30","2,20","18,395","17,618","57,5","981,0","3,6",,,"19,3","82,6",1,,2023-10-18 05:30:00
"66,0","2,30","2,20","20,695","19,819","56,9","981,0","3,4",,,"19,3","84,5",1,,2023-10-18 06:30:00
"66,0","2,30","2,20","22,995","22,022","57,2","981,0","3,3",,,"19,2","84,9",1,,2023-10-18 07:30:00
"66,1","2,30","2,21","25,295","24,227","57,5","981,0","3,1",,,"19,3","85,5",1,,2023-10-18 08:30:00
"66,0","2,30","2,20","27,213","26,066","57,8","981,0","3,2",,,"19,5","83,7",1,,2023-10-18 09:20:03
"66,0","2,30","2,20","27,213","26,066","57,8","981,0","3,1",,,"19,2","86,3",1,,2023-10-18 09:20:03
"0,0","0,00","0,00","0,000","0,000","0,3","982,0","3,4",,,"25,4","81,6",1,,2023-10-18 09:29:48
"0,0","0,00","0,00","0,000","0,000","0,3","982,0","3,4",,,"25,4","81,5",1,,2023-10-18 09:30:00
"65,8","2,29","2,19","2,295","2,200","58,4","982,0","3,9",,,"20,5","80,1",1,,2023-10-18 10:30:00
"65,9","2,30","2,20","4,595","4,401","58,3","982,0","4,1",,,"20,3","77,4",1,,2023-10-18 11:30:00
"65,7","2,30","2,20","6,895","6,607","58,3","982,0","4,1",,,"20,1","78,4",1,,2023-10-18 12:30:00
"65,5","2,30","2,19","9,195","8,802","58,1","982,0","4,9",,,"20,1","75,8",1,,2023-10-18 13:30:00
"65,7","2,30","2,19","11,495","10,994","58,3","982,0","4,9",,,"20,4","76,3",1,,2023-10-18 14:30:00
"65,7","2,30","2,19","13,795","13,186","58,1","982,0","4,8",,,"20,2","79,6",1,,2023-10-18 15:30:00
"65,7","2,30","2,19","16,095","15,378","58,3","981,0","4,8",,,"20,1","82,3",1,,2023-10-18 16:30:00
"65,9","2,30","2,19","18,395","17,572","58,3","981,0","4,5",,,"19,9","85,9",1,,2023-10-18 17:30:00
"65,9","2,30","2,20","20,695","19,768","58,3","981,0","4,3",,,"19,7","90,6",1,,2023-10-18 18:30:00
"65,8","2,30","2,19","22,995","21,961","58,3","981,0","4,6",,,"19,8","91,9",1,,2023-10-18 19:30:00
"65,6","2,30","2,19","25,295","24,150","58,3","981,0","5,1",,,"20,0","92,4",1,,2023-10-18 20:30:00
"65,6","2,30","2,19","27,214","25,973","58,6","981,0","5,4",,,"20,1","90,4",1,,2023-10-18 21:20:03
"65,6","2,30","2,19","27,214","25,973","58,3","982,0","4,6",,,"20,1","83,3",1,,2023-10-18 21:20:03
"0,0","0,00","0,00","0,000","0,000","0,0","981,0","5,3",,,"25,8","88,4",1,,2023-10-18 21:30:23
"0,0","0,00","0,00","0,000","0,000","0,0","982,0","5,3",,,"25,8","88,4",1,,2023-10-18 21:30:24
"65,5","2,29","2,18","2,294","2,182","58,1","981,0","5,2",,,"20,7","86,7",1,,2023-10-18 22:30:24
"65,7","2,30","2,19","4,594","4,373","58,0","981,0","4,7",,,"19,9","86,8",1,,2023-10-18 23:30:24
"65,7","2,30","2,19","6,894","6,568","58,1","981,0","4,2",,,"19,6","88,0",1,,2023-10-19 00:30:24
"65,8","2,30","2,20","9,194","8,763","58,0","981,0","4,2",,,"19,6","88,5",1,,2023-10-19 01:30:24
"65,9","2,30","2,20","11,494","10,959","58,3","981,0","4,1",,,"19,7","89,0",1,,2023-10-19 02:30:24
"65,9","2,30","2,20","13,794","13,155","58,3","980,0","4,0",,,"19,6","90,0",1,,2023-10-19 03:30:24
"65,8","2,30","2,20","16,094","15,351","58,1","980,0","4,0",,,"19,6","89,6",1,,2023-10-19 04:30:24
"65,8","2,30","2,20","18,394","17,546","58,3","980,0","4,0",,,"19,6","89,2",1,,2023-10-19 05:30:24
"65,8","2,30","2,20","20,694","19,741","58,3","980,0","4,1",,,"19,7","88,6",1,,2023-10-19 06:30:24
"65,8","2,30","2,20","22,994","21,937","58,0","980,0","4,1",,,"19,7","88,1",1,,2023-10-19 07:30:24
"65,8","2,30","2,19","25,294","24,130","58,3","980,0","4,3",,,"19,7","87,9",1,,2023-10-19 08:30:24
"65,6","2,30","2,19","27,197","25,944","58,6","981,0","4,6",,,"19,9","87,1",1,,2023-10-19 09:20:03
"65,6","2,30","2,19","27,197","25,944","58,3","981,0","4,3",,,"19,8","88,3",1,,2023-10-19 09:20:03
"0,0","0,00","0,00","0,000","0,000","0,3","981,0","4,9",,,"26,4","84,5",1,,2023-10-19 09:32:21
"0,0","0,00","0,00","0,000","0,000","0,0","981,0","4,9",,,"26,4","84,5",1,,2023-10-19 09:32:22
"65,6","2,29","2,18","2,294","2,183","56,9","981,0","5,1",,,"20,9","83,6",1,,2023-10-19 10:32:22
"65,5","2,30","2,19","4,594","4,371","56,6","981,0","5,1",,,"20,3","84,0",1,,2023-10-19 11:32:22
"65,5","2,30","2,19","6,894","6,559","56,6","981,0","5,3",,,"20,1","84,4",1,,2023-10-19 12:32:22
"65,3","2,30","2,18","9,194","8,742","56,6","981,0","5,8",,,"20,4","83,6",1,,2023-10-19 13:32:22
"65,7","2,30","2,18","11,494","10,927","57,2","981,0","5,7",,,"20,6","83,7",1,,2023-10-19 14:32:22
"65,4","2,30","2,19","13,794","13,113","56,9","981,0","5,5",,,"20,2","85,8",1,,2023-10-19 15:32:22
"65,6","2,30","2,18","16,094","15,297","56,3","982,0","5,8",,,"20,3","85,2",1,,2023-10-19 16:32:22
"65,7","2,30","2,19","18,394","17,487","56,9","982,0","5,2",,,"20,1","88,2",1,,2023-10-19 17:32:22
"65,5","2,30","2,19","20,694","19,679","56,9","982,0","4,9",,,"19,5","90,4",1,,2023-10-19 18:32:22
"65,6","2,30","2,19","22,994","21,873","56,9","982,0","4,9",,,"19,3","91,4",1,,2023-10-19 19:32:22
"65,7","2,30","2,19","25,294","24,064","56,9","982,0","5,1",,,"19,6","91,3",1,,2023-10-19 20:32:22
"65,7","2,30","2,19","27,594","26,258","56,9","982,0","4,9",,,"19,7","90,5",1,,2023-10-19 21:32:22
"65,8","2,30","2,19","29,894","28,451","57,2","983,0","5,0",,,"19,7","89,1",1,,2023-10-19 22:32:22
"65,7","2,30","2,20","32,194","30,647","57,4","983,0","4,7",,,"19,7","89,2",1,,2023-10-19 23:32:22
"65,8","2,30","2,20","34,494","32,843","57,2","983,0","4,9",,,"19,7","88,8",1,,2023-10-20 00:32:22
"65,7","2,30","2,20","36,794","35,329","57,4","983,0","4,7",,,"19,7","89,6",1,,2023-10-20 01:32:22
"65,8","2,30","2,20","39,094","37,526","57,5","984,0","4,7",,,"19,7","89,3",1,,2023-10-20 02:32:22
"65,8","2,30","2,20","41,393","39,723","57,4","984,0","4,7",,,"19,7","89,0",1,,2023-10-20 03:32:22
"65,8","2,30","2,20","43,693","42,304","57,2","984,0","4,7",,,"19,6","89,5",1,,2023-10-20 04:32:22
"65,8","2,30","2,20","45,993","44,682","57,5","984,0","4,7",,,"19,6","90,1",1,,2023-10-20 05:32:22
"65,9","2,30","2,20","48,293","46,882","57,5","984,0","4,6",,,"19,6","90,4",1,,2023-10-20 06:32:22
"65,9","2,30","2,20","50,593","49,084","57,7","984,0","4,3",,,"19,6","91,6",1,,2023-10-20 07:32:22
"65,9","2,30","2,20","52,893","51,287","57,4","985,0","4,3",,,"19,6","91,0",1,,2023-10-20 08:32:22
"65,9","2,30","2,20","54,759","53,113","57,7","985,0","4,5",,,"19,6","89,5",1,,2023-10-20 09:21:03
"65,9","2,30","2,19","54,759","53,113","57,4","983,0","5,0",,,"19,9","88,3",1,,2023-10-20 09:21:03
"0,0","0,00","0,00","0,000","0,000","0,0","985,0","4,7",,,"24,2","90,3",1,,2023-10-20 09:26:17
"0,0","0,00","0,00","0,000","0,000","0,0","985,0","4,8",,,"25,4","90,6",1,,2023-10-20 09:30:00
"65,5","2,29","2,20","2,295","2,196","56,1","985,0","4,7",,,"20,1","89,7",1,,2023-10-20 10:30:00
"65,5","2,30","2,20","4,595","4,404","56,1","985,0","4,9",,,"19,7","89,0",1,,2023-10-20 11:30:00
"65,6","2,30","2,20","6,895","6,600","56,4","986,0","5,4",,,"20,1","86,6",1,,2023-10-20 12:30:00
"65,7","2,30","2,20","9,195","8,802","56,4","986,0","4,8",,,"19,9","90,3",1,,2023-10-20 13:30:00
"65,7","2,30","2,20","11,495","11,005","55,8","986,0","4,6",,,"19,8","90,2",1,,2023-10-20 14:30:00
"65,7","2,30","2,20","13,795","13,208","56,3","986,0","4,7",,,"20,0","87,8",1,,2023-10-20 15:30:00
"65,9","2,30","2,20","16,095","15,412","56,1","986,0","4,5",,,"19,9","86,6",1,,2023-10-20 16:30:00
"65,9","2,30","2,21","18,395","17,619","56,3","986,0","4,2",,,"19,7","88,7",1,,2023-10-20 17:30:00
"66,0","2,30","2,21","20,695","19,828","56,6","986,0","4,0",,,"19,6","89,7",1,,2023-10-20 18:30:00
"66,1","2,30","2,22","22,995","22,044","57,5","987,0","3,3",,,"19,4","92,3",1,,2023-10-20 19:30:00
"66,2","2,30","2,22","25,295","24,263","56,3","987,0","3,0",,,"19,3","92,2",1,,2023-10-20 20:30:00
"66,1","2,30","2,22","27,213","26,115","56,4","987,0","2,9",,,"19,1","91,9",1,,2023-10-20 21:20:03
"66,1","2,30","2,21","27,213","26,115","56,4","986,0","4,3",,,"19,7","89,5",1,,2023-10-20 21:20:03
"0,0","0,00","0,00","0,000","0,000","0,0","988,0","2,8",,,"22,2","91,8",1,,2023-10-20 21:21:23
"0,0","0,00","0,00","0,000","0,000","0,0","988,0","2,7",,,"25,2","92,1",1,,2023-10-20 21:30:00
"66,1","2,29","2,22","2,295","2,217","57,5","988,0","2,7",,,"19,7","92,4",1,,2023-10-20 22:30:00
"66,1","2,30","2,22","4,595","4,439","57,2","988,0","2,8",,,"19,0","91,5",1,,2023-10-20 23:30:00
"66,2","2,30","2,22","6,895","6,662","57,2","988,0","2,7",,,"19,0","91,0",1,,2023-10-21 00:30:00
"66,3","2,30","2,23","9,195","8,888","57,2","988,0","2,3",,,"18,9","91,9",1,,2023-10-21 01:30:00
"66,3","2,30","2,23","11,495","11,118","57,5","988,0","2,0",,,"18,8","92,4",1,,2023-10-21 02:30:00
"66,4","2,30","2,23","13,795","13,350","57,7","989,0","1,9",,,"18,7","91,6",1,,2023-10-21 03:30:00
"66,3","2,30","2,23","16,095","15,584","57,5","989,0","1,8",,,"18,7","90,8",1,,2023-10-21 04:30:00
"66,4","2,30","2,23","18,395","17,818","57,5","990,0","1,8",,,"18,6","90,6",1,,2023-10-21 05:30:00
"66,4","2,30","2,24","20,695","20,054","57,8","990,0","1,7",,,"18,6","90,3",1,,2023-10-21 06:30:00
"66,4","2,30","2,24","22,995","22,293","57,2","991,0","1,6",,,"18,5","89,9",1,,2023-10-21 07:30:00
"66,3","2,30","2,24","25,295","24,532","57,5","992,0","1,7",,,"18,5","87,1",1,,2023-10-21 08:30:00
"66,3","2,30","2,24","27,213","26,399","57,8","992,0","2,1",,,"18,5","85,0",1,,2023-10-21 09:20:03
"66,3","2,30","2,23","27,213","26,399","57,8","990,0","2,1",,,"18,8","90,5",1,,2023-10-21 09:20:03
"0,0","0,00","0,00","0,000","0,000","0,0","993,0","1,7",,,"22,4","86,1",1,,2023-10-21 09:22:22
"0,0","0,00","0,00","0,000","0,000","0,0","994,0","1,5",,,"24,8","86,1",1,,2023-10-21 09:30:00
"66,6","2,29","2,24","2,295","2,239","60,3","993,0","1,6",,,"19,3","85,7",1,,2023-10-21 10:30:00
"66,3","2,30","2,24","4,595","4,482","60,3","994,0","1,9",,,"18,9","83,4",1,,2023-10-21 11:30:00
"66,3","2,30","2,23","6,895","6,712","60,6","994,0","3,6",,,"20,0","76,9",1,,2023-10-21 12:30:00
"66,2","2,30","2,24","9,195","8,947","60,3","995,0","3,1",,,"20,0","78,5",1,,2023-10-21 13:30:00
"66,3","2,30","2,24","11,495","11,185","60,6","995,0","2,9",,,"19,6","76,9",1,,2023-10-21 14:30:00
"66,2","2,30","2,24","13,795","13,424","60,9","996,0","3,0",,,"19,5","74,5",1,,2023-10-21 15:30:00
"66,3","2,30","2,24","16,095","15,663","60,6","996,0","3,1",,,"19,4","74,5",1,,2023-10-21 16:30:00
"66,5","2,30","2,24","18,395","17,906","60,9","997,0","2,6",,,"19,1","75,3",1,,2023-10-21 17:30:00
"66,7","2,30","2,26","20,695","20,162","60,3","997,0","1,3",,,"18,4","80,2",1,,2023-10-21 18:30:00
"67,1","2,30","2,26","22,995","22,426","60,3","998,0","0,4",,,"17,9","85,3",1,,2023-10-21 19:30:00
"67,2","2,30","2,27","25,295","24,700","60,9","998,0","-0,7",,,"17,4","88,9",1,,2023-10-21 20:30:00
"66,9","2,30","2,27","27,213","26,597","60,9","998,0","-0,8",,,"17,0","90,5",1,,2023-10-21 21:20:03
"66,9","2,30","2,25","27,213","26,597","60,9","997,0","1,9",,,"18,9","80,7",1,,2023-10-21 21:20:03
"0,0","0,00","0,00","0,000","0,000","0,6","999,0","-0,3",,,"20,4","90,3",1,,2023-10-21 21:21:10
"0,0","0,00","0,00","0,000","0,000","0,3","999,0","-0,5",,,"23,6","89,7",1,,2023-10-21 21:30:00
"66,8","2,29","2,27","2,295","2,271","58,6","999,0","-0,8",,,"17,6","90,6",1,,2023-10-21 22:30:00
"66,9","2,30","2,28","4,595","4,549","58,9","999,0","-1,0",,,"16,8","91,4",1,,2023-10-21 23:30:00
"66,8","2,30","2,28","6,895","6,827","58,9","999,0","-1,0",,,"16,7","92,0",1,,2023-10-22 00:30:00
"66,8","2,30","2,28","9,195","9,103","58,9","998,0","-0,8",,,"16,7","91,9",1,,2023-10-22 01:30:00
"66,6","2,30","2,27","11,495","11,376","58,9","999,0","-0,4",,,"16,8","92,1",1,,2023-10-22 02:30:00
"66,5","2,30","2,27","13,795","13,644","59,2","999,0","0,1",,,"16,9","90,0",1,,2023-10-22 03:30:00
"66,5","2,30","2,27","16,095","15,912","59,2","999,0","0,2",,,"17,1","89,0",1,,2023-10-22 04:30:00
"66,4","2,30","2,26","18,395","18,173","59,8","998,0","0,9",,,"17,3","83,6",1,,2023-10-22 05:30:00
"66,4","2,30","2,26","20,695","20,433","59,5","998,0","0,9",,,"17,5","80,7",1,,2023-10-22 06:30:00
"66,5","2,30","2,26","22,995","22,693","59,8","997,0","0,6",,,"17,6","81,8",1,,2023-10-22 07:30:00
"66,5","2,30","2,26","25,295","24,953","60,1","997,0","0,8",,,"17,6","82,7",1,,2023-10-22 08:30:00
"66,4","2,30","2,26","27,213","26,839","59,5","998,0","0,9",,,"17,5","82,6",1,,2023-10-22 09:20:03
"66,4","2,30","2,27","27,213","26,839","59,8","999,0","0,0",,,"17,2","87,4",1,,2023-10-22 09:20:03
"0,0","0,00","0,00","0,000","0,000","0,0","998,0","0,8",,,"20,8","82,6",1,,2023-10-22 09:21:38
"0,0","0,00","0,00","0,000","0,000","0,3","998,0","0,8",,,"24,0","82,6",1,,2023-10-22 09:30:00
"66,5","2,29","2,26","2,295","2,257","60,1","998,0","0,7",,,"18,2","85,1",1,,2023-10-22 10:30:00
"66,5","2,30","2,26","4,595","4,514","60,3","997,0","1,0",,,"17,8","84,9",1,,2023-10-22 11:30:00
"66,5","2,30","2,25","6,895","6,766","60,6","996,0","1,5",,,"18,1","83,6",1,,2023-10-22 12:30:00
"66,5","2,30","2,25","9,195","9,017","60,6","996,0","1,5",,,"18,3","83,7",1,,2023-10-22 13:30:00
"66,5","2,30","2,25","11,495","11,266","60,6","995,0","1,5",,,"18,3","83,8",1,,2023-10-22 14:30:00
"66,5","2,30","2,25","13,795","13,514","60,6","994,0","1,4",,,"18,2","85,2",1,,2023-10-22 15:30:00
"66,5","2,30","2,25","16,095","15,759","60,3","993,0","1,5",,,"18,2","85,5",1,,2023-10-22 16:30:00
"66,5","2,30","2,24","18,395","18,001","60,6","993,0","1,6",,,"18,2","86,1",1,,2023-10-22 17:30:00
"66,5","2,30","2,24","20,695","20,242","60,9","992,0","1,6",,,"18,2","86,6",1,,2023-10-22 18:30:00
"66,6","2,30","2,24","22,995","22,482","60,6","991,0","1,5",,,"18,2","88,1",1,,2023-10-22 19:30:00
"66,6","2,30","2,24","25,295","24,722","60,6","990,0","1,4",,,"18,2","91,1",1,,2023-10-22 20:30:00
"66,6","2,30","2,24","27,595","26,960","60,6","990,0","1,4",,,"18,2","91,9",1,,2023-10-22 21:30:00
"66,6","2,30","2,23","29,895","29,194","60,9","989,0","1,5",,,"18,2","92,7",1,,2023-10-22 22:30:00
"66,5","2,30","2,23","32,195","31,426","60,3","988,0","1,6",,,"18,3","93,4",1,,2023-10-22 23:30:00
"66,5","2,30","2,23","34,495","33,654","60,9","987,0","1,8",,,"18,3","94,0",1,,2023-10-23 00:30:00
"66,5","2,30","2,23","36,795","35,880","60,8","987,0","2,0",,,"18,4","94,2",1,,2023-10-23 01:30:00
"66,5","2,30","2,22","39,095","38,101","60,8","985,0","2,2",,,"18,6","93,7",1,,2023-10-23 02:30:00
"66,5","2,30","2,22","41,395","40,319","60,8","983,0","2,2",,,"18,7","93,9",1,,2023-10-23 03:30:00
"66,5","2,30","2,21","43,695","42,533","61,1","982,0","2,3",,,"18,7","93,9",1,,2023-10-23 04:30:00
"66,4","2,30","2,21","45,995","44,743","60,5","982,0","2,6",,,"18,8","93,6",1,,2023-10-23 05:30:00
"66,4","2,30","2,21","48,295","46,949","60,5","981,0","2,9",,,"19,0","93,4",1,,2023-10-23 06:30:00
"66,4","2,30","2,20","50,595","49,151","60,8","980,0","3,0",,,"19,1","93,6",1,,2023-10-23 07:30:00
"66,3","2,30","2,20","52,895","51,389","61,1","979,0","3,2",,,"19,2","94,0",1,,2023-10-23 08:30:00
"66,3","2,30","2,20","54,813","53,220","60,8","978,0","3,5",,,"19,4","94,2",1,,2023-10-23 09:20:03
"66,3","2,30","2,23","54,813","53,220","61,1","989,0","1,9",,,"18,4","90,0",1,,2023-10-23 09:20:03
"0,0","0,00","0,00","0,000","0,000","0,0","979,0","3,7",,,"24,0","94,2",1,,2023-10-23 09:24:25
"0,0","0,00","0,00","0,000","0,000","0,5","978,0","3,9",,,"25,6","94,4",1,,2023-10-23 09:30:00
"65,6","2,29","2,18","2,295","2,186","58,1","978,0","4,0",,,"20,1","94,2",1,,2023-10-23 10:30:00
"65,8","2,30","2,19","4,595","4,371","58,6","977,0","4,5",,,"19,7","93,8",1,,2023-10-23 11:30:00
"65,7","2,30","2,18","6,895","6,553","58,6","977,0","4,6",,,"20,2","94,1",1,,2023-10-23 12:30:00
"65,8","2,30","2,18","9,195","8,732","58,9","976,0","4,8",,,"20,4","93,9",1,,2023-10-23 13:30:00
"65,8","2,30","2,18","11,495","10,908","58,9","975,0","5,0",,,"20,6","94,0",1,,2023-10-23 14:30:00
"65,7","2,30","2,17","13,795","13,081","58,9","974,0","5,3",,,"20,6","93,9",1,,2023-10-23 15:30:00
"65,7","2,30","2,17","16,095","15,252","58,6","974,0","5,5",,,"20,7","93,8",1,,2023-10-23 16:30:00
"65,9","2,30","2,17","18,395","17,425","59,1","974,0","5,1",,,"20,5","94,0",1,,2023-10-23 17:30:00
"66,0","2,30","2,18","20,695","19,600","59,1","974,0","4,9",,,"20,4","94,2",1,,2023-10-23 18:30:00
"66,2","2,30","2,18","22,995","21,782","59,4","974,0","4,1",,,"20,2","93,6",1,,2023-10-23 19:30:00
"66,2","2,30","2,19","25,295","23,971","59,1","975,0","3,3",,,"19,9","93,2",1,,2023-10-23 20:30:00
"66,3","2,30","2,19","27,213","25,800","59,7","975,0","3,0",,,"19,7","92,4",1,,2023-10-23 21:20:03
"66,3","2,30","2,18","27,213","25,800","59,1","976,0","4,5",,,"20,2","93,8",1,,2023-10-23 21:20:03
"0,0","0,00","0,00","0,000","0,000","0,7","985,0","2,0",,,"28,2","88,1",1,,2023-10-24 09:26:20
"0,0","0,00","0,00","0,000","0,000","0,4","985,0","2,1",,,"28,2","88,2",1,,2023-10-24 09:30:00
"66,5","2,29","2,21","2,295","2,214","61,4","984,0","2,3",,,"19,9","86,9",1,,2023-10-24 10:30:00
"66,7","2,30","2,22","4,595","4,434","61,0","985,0","2,1",,,"19,3","86,2",1,,2023-10-24 11:30:00
"66,9","2,30","2,23","6,895","6,666","60,7","985,0","0,9",,,"19,1","89,6",1,,2023-10-24 12:30:00
"66,8","2,30","2,23","9,195","8,897","60,7","986,0","1,1",,,"19,1","83,8",1,,2023-10-24 13:30:00
"66,9","2,30","2,23","11,495","11,130","61,3","986,0","1,0",,,"19,2","80,3",1,,2023-10-24 14:30:00
"67,0","2,30","2,24","13,795","13,369","61,6","987,0","0,5",,,"19,0","81,7",1,,2023-10-24 15:30:00
"67,2","2,30","2,24","16,095","15,612","61,3","988,0","0,3",,,"18,9","81,6",1,,2023-10-24 16:30:00
"67,3","2,30","2,25","18,395","17,861","61,3","988,0","-0,4",,,"18,7","79,3",1,,2023-10-24 17:30:00
"67,4","2,30","2,25","20,695","20,115","61,9","989,0","-0,8",,,"18,5","78,9",1,,2023-10-24 18:30:00
"67,3","2,30","2,26","22,995","22,372","61,6","989,0","-1,0",,,"18,4","77,3",1,,2023-10-24 19:30:00
"67,3","2,30","2,26","25,295","24,629","61,6","990,0","-0,9",,,"18,3","74,0",1,,2023-10-24 20:30:00
"67,3","2,30","2,26","27,213","26,512","61,3","990,0","-0,9",,,"18,1","72,8",1,,2023-10-24 21:20:03
"67,3","2,30","2,25","27,213","26,512","61,6","988,0","0,4",,,"18,9","81,2",1,,2023-10-24 21:20:03
"0,0","0,00","0,00","0,000","0,000","0,0","991,0","-1,1",,,"21,4","71,9",1,,2023-10-24 21:21:12
"0,0","0,00","0,00","0,000","0,000","0,0","990,0","-1,1",,,"24,6","70,9",1,,2023-10-24 21:30:00
"67,1","2,29","2,25","2,295","2,255","60,6","990,0","-1,1",,,"18,9","69,7",1,,2023-10-24 22:30:00
"67,0","2,30","2,26","4,595","4,514","60,6","991,0","-1,0",,,"18,1","69,0",1,,2023-10-24 23:30:00
"67,0","2,30","2,26","6,895","6,774","60,6","991,0","-0,9",,,"18,0","68,7",1,,2023-10-25 00:30:00
"67,0","2,30","2,26","9,195","9,034","60,3","991,0","-0,9",,,"18,0","67,3",1,,2023-10-25 01:30:00
"67,0","2,30","2,26","11,495","11,294","60,6","991,0","-0,9",,,"18,0","68,1",1,,2023-10-25 02:30:00
"67,1","2,30","2,26","13,794","13,556","60,6","992,0","-1,0",,,"18,1","68,6",1,,2023-10-25 03:30:00
"67,2","2,30","2,26","16,094","15,820","60,6","992,0","-1,2",,,"18,0","66,8",1,,2023-10-25 04:30:00
"67,2","2,30","2,26","18,394","18,085","60,6","992,0","-1,3",,,"17,9","66,6",1,,2023-10-25 05:30:00
"67,2","2,30","2,27","20,694","20,350","59,7","992,0","-1,3",,,"17,9","67,6",1,,2023-10-25 06:30:00
"67,3","2,30","2,27","22,994","22,617","60,9","993,0","-1,4",,,"17,9","67,0",1,,2023-10-25 07:30:00
"67,2","2,30","2,27","25,294","24,885","60,6","993,0","-1,3",,,"17,9","65,9",1,,2023-10-25 08:30:00
"67,1","2,30","2,27","27,213","26,777","60,6","994,0","-1,1",,,"17,9","65,9",1,,2023-10-25 09:20:03
"67,1","2,30","2,26","27,213","26,777","60,9","992,0","-1,1",,,"18,1","67,6",1,,2023-10-25 09:20:03
"0,0","0,00","0,00","0,000","0,000","0,0","994,0","-1,1",,,"24,4","64,2",1,,2023-10-25 09:29:17
"0,0","0,00","0,00","0,000","0,000","0,0","994,0","-1,1",,,"24,6","65,0",1,,2023-10-25 09:30:00
"66,7","2,29","2,26","2,295","2,263","57,2","994,0","-1,2",,,"18,6","64,1",1,,2023-10-25 10:30:00
"66,2","2,30","2,27","4,595","4,534","57,0","994,0","-1,3",,,"17,2","62,1",1,,2023-10-25 11:30:00
"66,2","2,30","2,27","6,895","6,805","57,1","995,0","-1,2",,,"16,7","60,6",1,,2023-10-25 12:30:00
"66,3","2,30","2,27","9,195","9,073","57,0","995,0","-1,0",,,"16,9","60,2",1,,2023-10-25 13:30:00
"66,4","2,30","2,27","11,495","11,341","56,7","994,0","-1,0",,,"17,3","59,6",1,,2023-10-25 14:30:00
"66,5","2,30","2,27","13,795","13,607","57,0","994,0","-0,9",,,"17,3","60,0",1,,2023-10-25 15:30:00
"66,6","2,30","2,27","16,095","15,875","57,0","994,0","-1,1",,,"17,2","60,6",1,,2023-10-25 16:30:00
"66,6","2,30","2,27","18,395","18,144","57,2","994,0","-1,2",,,"17,0","62,0",1,,2023-10-25 17:30:00
"66,7","2,30","2,27","20,695","20,415","56,9","994,0","-1,4",,,"16,9","62,4",1,,2023-10-25 18:30:00
"66,7","2,30","2,27","22,995","22,685","56,9","994,0","-1,4",,,"17,4","63,0",1,,2023-10-25 19:30:00
"66,8","2,30","2,27","25,295","24,956","57,2","994,0","-1,4",,,"17,2","63,3",1,,2023-10-25 20:30:00
"66,8","2,30","2,27","27,595","27,228","57,5","994,0","-1,6",,,"17,1","62,8",1,,2023-10-25 21:30:00
"66,8","2,30","2,27","29,895","29,501","57,2","994,0","-1,6",,,"17,0","62,8",1,,2023-10-25 22:30:00
"66,9","2,30","2,27","32,195","31,774","57,5","994,0","-1,8",,,"16,9","63,3",1,,2023-10-25 23:30:00
"67,0","2,30","2,27","34,495","34,049","57,2","993,0","-2,1",,,"16,8","63,7",1,,2023-10-26 00:30:00
"67,0","2,30","2,28","36,795","36,328","57,5","993,0","-2,6",,,"16,3","63,8",1,,2023-10-26 01:30:00
"66,9","2,30","2,28","39,095","38,607","57,3","993,0","-2,6",,,"16,1","64,3",1,,2023-10-26 02:30:00
"66,9","2,30","2,28","41,395","40,884","57,6","993,0","-2,4",,,"16,2","63,0",1,,2023-10-26 03:30:00
"66,9","2,30","2,28","43,695","43,161","57,5","993,0","-2,5",,,"16,3","62,8",1,,2023-10-26 04:30:00
"67,0","2,30","2,28","45,995","45,438","57,3","992,0","-2,6",,,"16,2","63,0",1,,2023-10-26 05:30:00
"67,1","2,30","2,28","48,295","47,718","57,6","992,0","-2,9",,,"16,1","64,0",1,,2023-10-26 06:30:00
"67,1","2,30","2,28","50,595","49,999","57,5","992,0","-3,1",,,"16,0","65,0",1,,2023-10-26 07:30:00
"67,1","2,30","2,28","52,895","52,280","57,5","992,0","-3,3",,,"16,0","64,3",1,,2023-10-26 08:30:00
"67,0","2,30","2,28","54,814","54,182","57,5","992,0","-3,1",,,"15,9","64,2",1,,2023-10-26 09:20:03
"67,0","2,30","2,27","54,814","54,182","57,5","994,0","-1,9",,,"16,8","62,7",1,,2023-10-26 09:20:03
"0,0","0,00","0,00","0,000","0,000","0,1","992,0","-3,1",,,"23,6","63,5",1,,2023-10-26 09:32:51
"0,0","0,00","0,00","0,000","0,000","0,4","992,0","-3,1",,,"23,8","63,5",1,,2023-10-26 09:32:52
"67,0","2,29","2,27","2,294","2,271","58,9","992,0","-2,8",,,"17,1","63,2",1,,2023-10-26 10:32:52
"66,9","2,30","2,27","4,594","4,541","58,9","991,0","-2,1",,,"16,8","61,5",1,,2023-10-26 11:32:52
"66,8","2,30","2,27","6,894","6,807","59,1","991,0","-1,7",,,"17,3","61,0",1,,2023-10-26 12:32:52
"66,7","2,30","2,26","9,194","9,066","59,4","991,0","-0,9",,,"17,5","58,9",1,,2023-10-26 13:32:52
"66,7","2,30","2,26","11,494","11,324","59,2","990,0","-1,0",,,"17,7","58,8",1,,2023-10-26 14:32:52
"66,8","2,30","2,26","13,794","13,580","59,4","990,0","-0,8",,,"17,5","59,3",1,,2023-10-26 15:32:52
"66,8","2,30","2,26","16,094","15,837","59,1","989,0","-1,2",,,"17,3","60,2",1,,2023-10-26 16:32:52
"66,7","2,30","2,26","18,394","18,094","59,1","988,0","-1,2",,,"17,0","60,3",1,,2023-10-26 17:32:52
"66,9","2,29","2,25","21,900","21,532","59,1","989,0","-1,2",,,"17,8","59,0",1,,2023-10-26 19:12:33
"67,2","2,30","2,26","24,200","23,789","59,3","988,0","-1,3",,,"17,7","60,3",1,,2023-10-26 20:12:33
"67,3","2,30","2,26","26,500","26,047","59,3","988,0","-1,7",,,"17,9","63,7",1,,2023-10-26 21:12:33
"67,4","2,30","2,26","26,787","26,330","59,6","988,0","-1,9",,,"17,9","67,5",1,,2023-10-26 21:20:03
"67,4","2,30","2,26","26,787","26,330","59,6","988,0","-1,4",,,"17,8","61,3",1,,2023-10-26 21:20:03
"0,0","0,00","0,00","0,000","0,000","0,0","988,0","-2,0",,,"21,8","68,6",1,,2023-10-26 21:21:35
"0,0","0,00","0,00","0,000","0,000","0,1","988,0","-2,4",,,"25,0","72,7",1,,2023-10-26 21:30:00
"67,7","2,29","2,26","2,295","2,262","58,6","987,0","-2,8",,,"18,8","77,9",1,,2023-10-26 22:30:00
"67,8","2,30","2,27","4,595","4,529","58,3","987,0","-3,0",,,"18,0","82,5",1,,2023-10-26 23:30:00
"68,0","2,30","2,27","6,895","6,798","58,9","986,0","-3,3",,,"18,0","86,5",1,,2023-10-27 00:30:00
"68,1","2,30","2,27","9,195","9,066","58,6","985,0","-3,5",,,"18,1","88,2",1,,2023-10-27 01:30:00
"68,1","2,30","2,27","11,495","11,333","58,3","985,0","-3,5",,,"18,2","89,3",1,,2023-10-27 02:30:00
"68,1","2,30","2,26","13,795","13,597","58,5","984,0","-3,5",,,"18,4","89,3",1,,2023-10-27 03:30:00
"68,1","2,30","2,26","16,095","15,859","58,8","983,0","-3,4",,,"18,4","89,0",1,,2023-10-27 04:30:00
"68,1","2,30","2,26","18,395","18,117","58,5","982,0","-3,2",,,"18,6","88,2",1,,2023-10-27 05:30:00
"68,1","2,30","2,26","20,695","20,373","58,8","981,0","-3,1",,,"18,8","88,2",1,,2023-10-27 06:30:00
"68,1","2,30","2,25","22,995","22,627","59,1","981,0","-3,1",,,"18,9","89,0",1,,2023-10-27 07:30:00
"68,1","2,30","2,25","25,295","24,879","58,8","980,0","-3,0",,,"19,0","89,2",1,,2023-10-27 08:30:00
"68,1","2,30","2,25","27,213","26,755","59,0","979,0","-2,8",,,"19,2","89,9",1,,2023-10-27 09:20:03
"68,1","2,30","2,27","27,213","26,755","58,8","984,0","-3,2",,,"18,5","87,2",1,,2023-10-27 09:20:03
"0,0","0,00","0,00","0,000","0,000","0,0","979,0","-2,7",,,"26,8","90,1",1,,2023-10-27 09:29:55
"0,0","0,00","0,00","0,000","0,000","0,0","979,0","-2,7",,,"26,8","90,0",1,,2023-10-27 09:30:00
"67,5","2,29","2,24","2,295","2,240","60,2","979,0","-2,5",,,"19,9","89,2",1,,2023-10-27 10:30:00
"67,4","2,30","2,24","4,595","4,484","60,2","979,0","-2,3",,,"18,1","89,5",1,,2023-10-27 11:30:00
"67,3","2,30","2,24","6,895","6,724","59,9","979,0","-2,0",,,"17,8","88,0",1,,2023-10-27 12:30:00
"67,2","2,30","2,24","9,195","8,962","60,2","978,0","-1,8",,,"17,7","88,6",1,,2023-10-27 13:30:00
"67,1","2,30","2,24","11,495","11,198","59,9","977,0","-1,8",,,"17,6","89,6",1,,2023-10-27 14:30:00
"67,1","2,30","2,23","13,795","13,431","60,0","977,0","-1,7",,,"17,5","90,6",1,,2023-10-27 15:30:00
"67,2","2,30","2,23","16,095","15,666","60,3","976,0","-1,9",,,"17,4","92,1",1,,2023-10-27 16:30:00
"67,2","2,30","2,23","18,395","17,901","60,8","976,0","-2,0",,,"17,2","93,1",1,,2023-10-27 17:30:00
"67,1","2,30","2,23","20,695","20,135","60,0","976,0","-2,0",,,"17,2","93,0",1,,2023-10-27 18:30:00
"67,1","2,30","2,23","22,995","22,368","60,0","976,0","-1,8",,,"17,1","92,0",1,,2023-10-27 19:30:00
"67,1","2,30","2,23","25,295","24,600","60,3","975,0","-1,8",,,"17,1","91,9",1,,2023-10-27 20:30:00
"67,0","2,30","2,23","27,213","26,461","60,3","975,0","-1,8",,,"17,0","91,8",1,,2023-10-27 21:20:03
"67,0","2,30","2,24","27,213","26,461","60,3","977,0","-2,0",,,"17,6","90,8",1,,2023-10-27 21:20:03
"0,0","0,00","0,00","0,000","0,000","0,2","976,0","-1,7",,,"21,2","91,7",1,,2023-10-27 21:22:32
"0,0","0,00","0,00","0,000","0,000","0,0","976,0","-1,8",,,"23,8","91,5",1,,2023-10-27 21:30:00
"67,1","2,29","2,23","2,295","2,226","60,6","975,0","-1,8",,,"17,7","91,8",1,,2023-10-27 22:30:00
"67,0","2,30","2,23","4,595","4,457","60,3","975,0","-1,8",,,"17,0","92,3",1,,2023-10-27 23:30:00
"67,0","2,30","2,23","6,895","6,686","60,3","975,0","-1,7",,,"17,0","92,2",1,,2023-10-28 00:30:00
"67,1","2,30","2,23","9,195","8,915","60,6","975,0","-1,7",,,"17,0","92,3",1,,2023-10-28 01:30:00
"67,0","2,30","2,23","11,495","11,142","60,9","974,0","-1,6",,,"17,1","92,7",1,,2023-10-28 02:30:00
"67,1","2,30","2,23","13,795","13,368","60,6","974,0","-1,6",,,"17,1","93,1",1,,2023-10-28 03:30:00
"67,0","2,30","2,23","16,095","15,594","60,6","974,0","-1,6",,,"17,1","93,1",1,,2023-10-28 04:30:00
"67,1","2,30","2,22","18,395","17,817","60,6","973,0","-1,5",,,"17,1","93,1",1,,2023-10-28 05:30:00
"67,1","2,30","2,22","20,695","20,041","60,6","973,0","-1,6",,,"17,1","93,7",1,,2023-10-28 06:30:00
"67,1","2,30","2,22","22,995","22,262","60,6","972,0","-1,6",,,"17,2","94,1",1,,2023-10-28 07:30:00
"67,0","2,30","2,22","25,295","24,482","60,9","971,0","-1,5",,,"17,2","94,1",1,,2023-10-28 08:30:00
"66,9","2,30","2,22","27,213","26,330","60,9","971,0","-1,2",,,"17,1","93,9",1,,2023-10-28 09:20:03
"66,9","2,30","2,22","27,213","26,330","60,9","974,0","-1,6",,,"17,1","93,0",1,,2023-10-28 09:20:03
"0,0","0,00","0,00","0,000","0,000","0,0","971,0","-1,1",,,"21,0","93,7",1,,2023-10-28 09:22:02
"0,0","0,00","0,00","0,000","0,000","0,0","971,0","-1,1",,,"21,0","93,6",1,,2023-10-28 09:22:26
"0,0","0,00","0,00","0,000","0,000","0,0","971,0","-1,1",,,"21,0","93,7",1,,2023-10-28 09:22:26
"0,0","0,00","0,00","0,000","0,000","0,0","971,0","-1,1",,,"21,4","93,6",1,,2023-10-28 09:23:19
"0,0","0,00","0,00","0,000","0,000","0,0","971,0","-1,0",,,"23,6","93,6",1,,2023-10-28 09:30:00
"66,7","2,29","2,21","2,295","2,207","58,1","970,0","-0,9",,,"18,1","93,4",1,,2023-10-28 10:30:00
"66,7","2,30","2,21","4,595","4,416","58,0","970,0","-0,6",,,"17,6","92,8",1,,2023-10-28 11:30:00
"66,7","2,30","2,21","6,895","6,622","58,3","969,0","-0,4",,,"17,8","92,5",1,,2023-10-28 12:30:00
"66,7","2,30","2,20","9,195","8,825","58,0","968,0","-0,4",,,"17,9","92,6",1,,2023-10-28 13:30:00
"66,7","2,30","2,20","11,495","11,051","58,0","968,0","-0,2",,,"17,9","92,9",1,,2023-10-28 14:30:00
"66,7","2,30","2,20","13,795","13,351","58,0","967,0","-0,3",,,"17,9","93,2",1,,2023-10-28 15:30:00
"66,7","2,30","2,20","16,095","15,708","58,0","966,0","-0,4",,,"17,8","93,6",1,,2023-10-28 16:30:00
"66,6","2,30","2,20","18,395","18,060","57,7","966,0","-0,4",,,"17,7","93,6",1,,2023-10-28 17:30:00
"66,6","2,30","2,20","20,695","20,794","57,7","966,0","-0,4",,,"17,6","93,3",1,,2023-10-28 18:30:00
"66,6","2,30","2,20","22,995","23,585","57,7","966,0","-0,3",,,"17,6","93,1",1,,2023-10-28 19:30:00
"66,6","2,30","2,20","25,295","25,921","57,7","966,0","-0,3",,,"17,6","92,9",1,,2023-10-28 20:30:00
"66,7","2,30","2,20","27,595","28,495","58,3","967,0","-0,3",,,"17,6","92,5",1,,2023-10-28 21:30:00
"66,6","2,30","2,20","29,894","30,696","58,0","967,0","-0,4",,,"17,6","92,0",1,,2023-10-28 22:30:00
"66,6","2,30","2,20","32,194","32,897","58,0","968,0","-0,2",,,"17,6","92,2",1,,2023-10-28 23:30:00
"66,7","2,30","2,20","34,494","35,100","57,7","968,0","-0,3",,,"17,7","92,1",1,,2023-10-29 00:30:00
"66,8","2,30","2,21","36,794","37,308","58,6","969,0","-0,5",,,"17,7","92,8",1,,2023-10-29 01:30:00
"66,7","2,30","2,21","39,094","39,519","58,3","970,0","-0,7",,,"17,7","93,7",1,,2023-10-29 02:30:00
"66,8","2,30","2,21","41,394","41,733","58,3","971,0","-0,8",,,"17,6","93,3",1,,2023-10-29 03:30:00
"66,8","2,30","2,22","43,694","43,948","58,6","972,0","-0,8",,,"17,6","93,4",1,,2023-10-29 04:30:00
"66,7","2,30","2,22","45,994","46,165","58,3","973,0","-0,7",,,"17,6","93,5",1,,2023-10-29 05:30:00
"66,7","2,30","2,22","48,294","48,384","58,0","974,0","-0,7",,,"17,6","92,8",1,,2023-10-29 06:30:00
"66,7","2,30","2,22","50,594","50,605","58,3","975,0","-0,8",,,"17,6","91,5",1,,2023-10-29 07:30:00
"66,8","2,30","2,23","52,894","52,830","58,6","976,0","-0,9",,,"17,6","91,6",1,,2023-10-29 08:30:00
"66,6","2,30","2,23","54,813","54,687","58,3","977,0","-0,8",,,"17,3","91,7",1,,2023-10-29 09:20:03
"66,6","2,30","2,21","54,813","54,687","58,6","970,0","-0,5",,,"17,7","92,8",1,,2023-10-29 09:20:03
"0,0","0,00","0,00","0,000","0,000","0,3","978,0","-0,7",,,"20,8","91,6",1,,2023-10-29 09:21:44
"0,0","0,00","0,00","0,000","0,000","0,0","977,0","-0,8",,,"23,6","91,6",1,,2023-10-29 09:30:00
"66,9","2,29","2,22","2,295","2,222","61,2","978,0","-0,7",,,"18,2","91,4",1,,2023-10-29 10:30:00
"66,9","2,30","2,23","4,595","4,452","60,9","979,0","-0,7",,,"17,6","91,9",1,,2023-10-29 11:30:00
"66,8","2,30","2,23","6,895","6,682","61,2","979,0","-0,6",,,"17,6","91,2",1,,2023-10-29 12:30:00
"66,8","2,30","2,23","9,195","8,913","61,2","980,0","-0,3",,,"17,7","90,1",1,,2023-10-29 13:30:00
"66,7","2,30","2,23","11,495","11,143","61,2","981,0","-0,1",,,"17,8","89,3",1,,2023-10-29 14:30:00
"66,8","2,30","2,23","13,795","13,375","61,2","982,0","0,0",,,"17,8","89,5",1,,2023-10-29 15:30:00
"66,8","2,30","2,23","16,095","15,609","61,2","983,0","0,0",,,"17,8","89,4",1,,2023-10-29 16:30:00
"66,8","2,30","2,24","18,395","17,845","61,5","984,0","-0,0",,,"17,8","89,6",1,,2023-10-29 17:30:00
"66,8","2,30","2,24","20,695","20,083","61,2","985,0","-0,0",,,"17,7","89,3",1,,2023-10-29 18:30:00
"66,8","2,30","2,24","22,995","22,324","61,5","985,0","-0,2",,,"17,7","87,8",1,,2023-10-29 19:30:00
"66,8","2,30","2,24","25,295","24,567","61,2","986,0","-0,2",,,"17,6","87,7",1,,2023-10-29 20:30:00
"66,7","2,30","2,24","27,213","26,440","61,5","987,0","-0,3",,,"17,5","88,5",1,,2023-10-29 21:20:03
"66,7","2,30","2,23","27,213","26,440","61,5","983,0","-0,2",,,"17,7","89,7",1,,2023-10-29 21:20:03
"0,0","0,00","0,00","0,000","0,000","0,3","987,0","-0,3",,,"20,8","89,0",1,,2023-10-29 21:21:12
"0,0","0,00","0,00","0,000","0,000","0,6","988,0","-0,3",,,"24,0","88,2",1,,2023-10-29 21:30:00
"66,8","2,29","2,24","2,295","2,242","61,8","988,0","-0,3",,,"18,1","88,2",1,,2023-10-29 22:30:00
"66,9","2,30","2,26","4,595","4,492","61,8","989,0","-0,4",,,"17,4","88,2",1,,2023-10-29 23:30:00
"66,9","2,30","2,25","6,895","6,745","62,0","989,0","-0,5",,,"17,5","88,3",1,,2023-10-30 00:30:00
"67,0","2,30","2,26","9,195","8,999","61,7","990,0","-0,6",,,"17,5","88,4",1,,2023-10-30 01:30:00
"67,0","2,30","2,26","11,495","11,255","62,0","990,0","-0,6",,,"17,4","88,3",1,,2023-10-30 02:30:00
"67,0","2,30","2,26","13,795","13,511","62,0","990,0","-0,7",,,"17,4","87,5",1,,2023-10-30 03:30:00
"67,1","2,30","2,26","16,095","15,768","62,0","990,0","-0,7",,,"17,4","86,9",1,,2023-10-30 04:30:00
"67,1","2,30","2,26","18,395","18,024","61,7","990,0","-0,8",,,"17,4","87,5",1,,2023-10-30 05:30:00
"67,1","2,30","2,26","20,695","20,281","61,7","990,0","-0,9",,,"17,3","87,6",1,,2023-10-30 06:30:00
"67,2","2,30","2,26","22,995","22,539","62,0","990,0","-0,9",,,"17,3","87,0",1,,2023-10-30 07:30:00
"67,3","2,30","2,26","25,295","24,797","62,0","989,0","-1,3",,,"17,3","90,9",1,,2023-10-30 08:30:00
"67,2","2,30","2,26","27,213","26,679","62,0","988,0","-1,3",,,"17,3","91,0",1,,2023-10-30 09:20:03
"67,2","2,30","2,26","27,213","26,679","61,7","990,0","-0,7",,,"17,4","88,3",1,,2023-10-30 09:20:03
"0,0","0,00","0,00","0,000","0,000","0,0","987,0","-0,8",,,"29,0","91,1",1,,2023-10-30 10:26:40
"0,0","0,00","0,00","0,000","0,000","0,3","987,0","-0,8",,,"29,0","91,2",1,,2023-10-30 10:30:00
"66,8","2,29","2,24","2,295","2,241","60,7","986,0","-0,7",,,"18,8","91,5",1,,2023-10-30 11:30:00
"66,8","2,30","2,24","4,595","4,481","60,3","985,0","-0,3",,,"17,6","92,0",1,,2023-10-30 12:30:00
"66,8","2,30","2,23","6,895","6,714","60,3","982,0","-0,1",,,"17,7","93,0",1,,2023-10-30 13:30:00
"66,5","2,30","2,23","9,195","8,940","60,0","981,0","0,5",,,"17,8","93,1",1,,2023-10-30 14:30:00
"66,3","2,30","2,21","11,495","11,154","60,3","980,0","1,7",,,"18,1","92,9",1,,2023-10-30 15:30:00
"66,2","2,30","2,21","13,795","13,359","60,6","980,0","2,8",,,"18,7","92,9",1,,2023-10-30 16:30:00
"66,1","2,30","2,20","16,095","15,633","60,6","980,0","3,8",,,"19,3","93,0",1,,2023-10-30 17:30:00
"66,0","2,30","2,19","18,395","17,821","60,3","980,0","4,8",,,"20,0","92,7",1,,2023-10-30 18:30:00
"65,8","2,30","2,18","20,695","20,003","60,6","980,0","5,7",,,"20,2","92,4",1,,2023-10-30 19:30:00
"65,6","2,30","2,18","22,995","22,181","60,3","980,0","6,3",,,"20,5","92,5",1,,2023-10-30 20:30:00
"65,4","2,30","2,17","24,913","23,988","60,3","980,0","7,8",,,"20,9","92,8",1,,2023-10-30 21:20:03
"65,4","2,30","2,21","24,913","23,988","60,3","981,0","2,9",,,"19,0","92,6",1,,2023-10-30 21:20:03
"0,0","0,00","0,00","0,000","0,000","0,0","989,0","8,6",,,"28,2","89,4",1,,2023-10-31 09:18:58
"0,0","0,00","0,00","0,000","0,000","0,1","989,0","8,7",,,"28,4","89,1",1,,2023-10-31 09:30:00
"65,2","2,29","2,17","2,295","2,171","61,5","989,0","9,0",,,"21,8","88,3",1,,2023-10-31 10:30:00
"65,1","2,30","2,17","4,595","4,342","61,6","989,0","9,7",,,"21,9","86,5",1,,2023-10-31 11:30:00
"64,9","2,30","2,16","6,895","6,503","62,1","989,0","11,0",,,"22,9","80,3",1,,2023-10-31 12:30:00
"64,9","2,30","2,16","9,195","8,666","62,1","990,0","10,8",,,"23,0","79,5",1,,2023-10-31 13:30:00
"64,7","2,30","2,16","11,495","10,827","62,5","989,0","11,0",,,"22,7","78,2",1,,2023-10-31 14:30:00
"65,1","2,30","2,17","13,795","12,996","62,2","989,0","10,1",,,"22,3","82,9",1,,2023-10-31 15:30:00
"65,7","2,30","2,18","16,095","15,176","61,9","989,0","8,5",,,"21,7","87,9",1,,2023-10-31 16:30:00
"65,7","2,30","2,19","18,395","17,364","61,9","989,0","7,6",,,"21,3","90,8",1,,2023-10-31 17:30:00
"65,7","2,30","2,19","20,695","19,552","61,9","989,0","7,4",,,"21,2","92,0",1,,2023-10-31 18:30:00
"65,7","2,30","2,19","22,995","21,740","62,2","989,0","7,4",,,"21,2","93,8",1,,2023-10-31 19:30:00
"65,7","2,30","2,19","25,295","23,926","62,2","988,0","7,5",,,"21,2","94,4",1,,2023-10-31 20:30:00
"65,4","2,30","2,17","29,895","28,282","61,9","986,0","8,4",,,"21,4","94,1",1,,2023-10-31 22:30:00
"65,4","2,30","2,17","32,195","30,449","62,2","986,0","9,2",,,"21,6","92,0",1,,2023-10-31 23:30:00
